org_name,kcat_mean,Km_mean,kcat_km,log10_kcat,log10_km,log10_kcatkm,sequence,temperature,lid_type
azorhizobium_caulinodans,20.28782002,228.294494,88866.8827,1.307235383,2.358495437,4.948739946,MRLVLLGPPGAGKGTQALRLVQRHGIVQLSTGDMLRAAVAAGTPVGLKAKAVMESGGLVSDEIVIGIIAERLDQPDARKGFILDGFPRTVAQADALDKLLADKGLKLDAVIELKVDQAKLLDRILNRAAEAKAKGEPVRKDDDPEVFKTRLEAYNRDTAVVAPYYSARGQLQQIDGMAPIEKVTQAIDSILETA,30,lidless
methylocella_silvestris,123.0610608,1066.59898,115377.0659,2.090120654,3.028001164,5.06211949,MRLVFLGPPGAGKGTQSTRLQQKFNIPQLSTGDMLRAAVKAGTPVGLKAKAIMDAGGLVPDEVVVGIIADRIDEPDAKEGFILDGFPRTVKQAEALADILIKKNMKLDAVIELKVDDKALLARIENRAQESLAKGETIRADDNPEAFKKRLESYHAQTAPVSAFYAGKGALKAVDGMAPIDDVSAAIEKALAF,23,lidless
bartonella_henselae,77.85675169,342.284019,227462.4212,1.89129628,2.534386623,5.356909658,MRIVLLGPPGAGKGTQAKMLCEEYHIPQLSTGDMLREVIRRETEIGKKAKAMINAGTLVSDSIVNQIVSDRIDESDCINGFVLDGYPRTVGQAEVLQQVLQSKNMQLDAVIELIVDEDALLERMKKRVQETIIAGGQVRSDDNPVAFAKRLVEYREKTAPLSEFYLQRRLLKLVDGMIGVTEVSRKIREVLK,37,lidless
sorangium_cellulosum,12.51847376,216.297684,57876.13408,1.097551383,2.335051869,4.762499514,MILVLVGPPGAGKGTQAKLLCARFGIPQISTGDMLREAKRSGTLEKRYLDIMDSGGLLPDEAVIGLIARRTVEPDCSNGFLLDGFPRTVPQADALDELLASANQGGKRIDAVIQLDVARPLLEERLIHRRTDKRSGQIYHLVYNPPPPGAELEHRADDRPEAVAKRLDAYEAMTAALLPFYEQKKLLHRVDGVGKPEEVTHRVLSAIGRPGSGGE,28,lidless
elusimicrobium_minutum,138.3645454,1725.24309,80200.02874,2.141024821,3.236850297,4.904174524,MIIVLLGAPGAGKGTQSVLVAEKYGLKHISTGDLLREEIANNTELGKQAKKLIDGGNLVPDEMILGLLKNAFLNRGKGVVLDGFPRTLSQAEMMHPIVKGLAEKLSAVINIKLSEDEITQRIVLRRQCKNCGNIFNLRFIKNFDGKCPKCGSTDIYQRADDNEESAKNRINVYHSQTEPVVGFYKNKTYYKEVDGSKNKEEVFEEISKFINRKK,26,zinc-like
deinococcus_deserti,107.2885015,300.548632,356975.511,2.03055318,2.477914756,5.552638424,MTQTENKVVIFLGPPGAGKGTQAERLAQEQSLTKISTGDILRDHVARGTELGQQVKPILDAGHLVPDEILIALIRDKLAGMRPVRVIFDGFPRTGAQAEALDALLEDLGAPVTAVPLLEVPDQVLIDRIVERGNQAQARGEAVRSDDNEETARRRQQVYREQTQPLIDYYAGRGQLYTVNGVGSLDEVYDRILKGMQ,28,lidless
xanthomonas_campestris,82.88163752,716.828657,115622.662,1.918458323,2.855415359,5.063042964,MRLVLLGPPGSGKGTQAARLKDTFQIPHISTGDLLRAEVAAGSPLGVKAKEVMARGDLVSDEILLGMLEARLGQADVANGFILDGYPRNVAQANALDSLLSKIGQPLDAVVQLDVASELLVERIAGRAKAEGREDDNPESVRKRLQVYTDSTAPVIGFYEQRGKLARVDGVGSLDEVLKRIGQALGR,26,lidless
pseudarthrobacter_chlorophenolicus,81.63926444,158.682334,514482.3774,1.911899083,2.20052858,5.711370503,MTRMLIIGPPGSGKGTQAERISERLGVVAISTGDIFRANVKGETPLGIEAKKYMDNGDFVPDSVTNKMVRDRLSESDVESGFLLDGYPRTTAQVDYLDEILAKNEEKLDVVLQLTADDEELVHRLLGRAKETGRSDDNEAVIRHRLDLYHEQTEAVVAKYAERGILTQVDGIGPIDEVTDRVMQAIKAAQAA,27,lidless
leptospira_interrogans,53.87988951,244.04975,220774.2049,1.731426696,2.387478367,5.343948329,MKNIIFMGPPGAGKGTQAKILCERLSIPQISTGDILREAVKNQTAMGIEAKRYMDAGDLVPDSVVIGIIKDRIREADCKNGFLLDGFPRTVEQAEALDTLLKNEGKSIDKAINLQVPDAELLKRLLGRAEIEGRADDNEVTIKNRLDNYNKKTLPLLDFYATRKKLSQVNGVGSLEEVTSLIQKELA,29,lidless
corynebacterium_urealyticum,86.41789391,284.447176,303809.9908,1.936603678,2.454001626,5.482602052,MRLVLLGPPGAGKGTQAQLLSDALNIPHISTGDLFRANISQGTELGKQAQEYMDAGKLVPTEVTANMVRARLEEADAANGFLLDGFPRTIEQADLLEEMLKEKDLKLDAVINYQVSEDVVVERMLSRGRNDDNESTIRTRLQVYREETAPLIDYYQGRILNIDAEGSVEDISEATLCALDK,37,lidless
paramagnetospirillum_magneticum,501.9754404,1198.74904,418749.3993,2.700682469,3.078728272,5.621954197,MNLVLLGPPGGGKGTQAKRLQDKYGLVQLSTGDMLRAAVASGSEVGKKAKAVMDAGQLVSDEIVIAIIDERLDQADVAKGAIFDGFPRTVAQAEALDAMMAKKGKKLDFAIEIRVPDAYIVERITGRYTCAKCGAGYHDKFQLPQVAGKCDSCGGTEFARRPDDNVDTVTKRLDAYHAQTAPLLPYYDKKGSLKLVDGTMDIADVTKALEGILDASK,30,zinc-like
gluconacetobacter_diazotrophicus,98.98311279,450.363084,219785.1385,1.995561107,2.653562784,5.341998323,MNVIFLGPPGAGKGTQSKRLEARYGIAQISTGDMLRAEVAAESAIGKQARALMDAGQLVPDDVIVAMLESRIAQPDCAKGFILDGFPRTQGQAVALDSMLKRRGARIDVVLFLEVDEEALADRIAGRFTCATCGAGYNDLFKKPKVEGTCDVCGGHSFVRREDDRRETVAARLVAYRKQTAPILPYYEAEGLLRRIDGMADIDTVTAKVFEIMDAITKK,30,zinc-like
sphingopyxis_alaskensis,143.9601546,1014.86533,141851.4855,2.158242304,3.006408416,5.151833888,MTLNIILLGPPGAGKGTQASRLEDEHGMVQLSTGDMLRAAVKAGTPIGLQAKAVMDAGELVSDAIVSGLIGERLDELGPDVSVIFDGYPRTAAQADALDGILSARGRTLDHVIELVVDEDALVDRITGRFSCARCGEGYHDRYKLPKVADICDVCGSKEFKRRPDDNEDTVRTRMVEYRAKTAPILPIYEARGIVTRVDGMAPIDRVNDAIETILGTAG,28,zinc-like
thermotoga_neapolitana,30.92173014,580.989352,53222.54192,1.490263786,2.764168173,4.726095613,MMAYLVFLGPPGAGKGTYAKRIQEKTGIPHISTGDIFRDIVKKENDELGKKIKEIMEKGELVPDELVNEVVKRRLSEKDCEKGFILDGYPRTVAQAEFLDSFLESQNKQLTAAVLFDVPEDVVVQRLTSRRICPKCGRIYNMISLPPKEDELCDDCKVKLVQRDDDKEETVRHRYKVYLEKTQPVIDYYGKKGILKRVDGTIGIDNVVAEVLKIIGWSDK,79,zinc-like
thermotoga_maritima,125.0810235,986.300606,126818.3582,2.097191426,2.9940093,5.103182126,MMAYLVFLGPPGAGKGTYAKRLQEITGIPHISTGDIFRDIVKKENDELGKKIKEIMERGELVPDELVNEVVKRRLSEKDCERGFILDGYPRTVAQAEFLDGFLKTQNKELTAAVLFEVPEEVVVQRLTARRICPKCGRIYNLISLPPKEDELCDDCKVKLVQREDDKEETVRHRYKVYLEKTQPVIDYYDKKGILKRVDGTIGIDNVIAEVLKIIGWSDK,75,zinc-like
pseudothermotoga_lettingae,164.2735425,667.791073,245995.4155,2.215567623,2.824640609,5.390927013,MKIVLLGAPGAGKGTLAKDLSIMFSVPHISTGDMFREAVAAGTELGVKVQNILSSGALVPDEIVNQVVEERLRKQDCEKGFIFDGYPRTIAQAIALDEILQKMSKKLDLAIYLEASEETVVKRLTSRRICPKCGKIYNLISMPPVSDQICDDCGEQLVIREDDKEEVVRKRYRLYLETTAPLVEYYSGRDILVSVNSERDHRKLVEDVSRLLKKVIS,65,zinc-like
kosmotoga_olearia,92.69139715,270.247963,342986.4785,1.967039428,2.431762429,5.535276999,MNIILLGPPGAGKGTQAKKIAMRYGIPHISTGDMLREAVAAGTELGKKVKEIIEKGLLVPDDLMVAIVEDRLKKPDSAKGFILDGFPRTVQQAESLSGILGNLGKELDAVILIDAPEEVVVERISSRRVCPSCGKVYNLLTIKPKNDMLCDDCNIGLIQREDDKPATVRERYRVYMEKTAPVINYYSEHGSLITIDGSLDIEAVTEEIFKNLENL,65,zinc-like
petrotoga_mobilis,200.2937064,587.06458,341178.3187,2.301667303,2.768685878,5.532981425,MRLLFFGPPGAGKGTQAKKVAQEFQIVHISTGDILRDAVSKGTELGKMAKAIMDRGELVSDEIMNSLVKERLEELDSFILDGYPRTLDQAKFLDQATKELQKEIDAAVLIDVSEEEIVKRISNRRVCPNCGKVYNLITLQPKEDEKCDVCGTKLIQRDDDKEEVVRERYKVYKKNTEPVIEYYRKNNKIITIDGAQNVEDVTKELFNILRSFNKQ,55,zinc-like
fervidobacterium_nodosum,522.512976,1600.09914,326550.3761,2.71809708,3.204146892,5.513950188,MNLIFLGPPGAGKGTYAKRVVEKYIIPHISTGDIFREAIAKGTELGRKVQDIVNSGNLVPDELTNALVEERLKQDDCKKGFILDGYPRTLNQAQALNEMLKKMGKELDGAIYFEVDEETVVQRISTRRVCSKCGKVYNVITLPSKVEGICDDCGGTLIQRDDDKEDIVRSRYRVYIEKTSPLIEYYKNQNKLFTLDGRKSVEEVMKILFNILGGFEKK,70,zinc-like
thermosipho_melanesiensis,343.2908558,1027.73571,334026.3965,2.535662235,3.011881447,5.523780788,MNIVFLGPPGAGKGTYAKELKEILGIPHISTGDMFREEISAKSELGRKVEDILKRGELVPDDLTNVIVKERLSKPDCKKGFILDGYPRTVAQAKALDEILKKLGRELKFAIYFEVSEDVVVKRISNRRICKNCGKIYNLITLPPKINGKCDVCGGELYQREDDREEVVRRRYKVYMDNTYPVIEYYRKSNKLFTVDGSMDVDSVIKEVLNIIRR,70,zinc-like
thermosipho_africanus,478.479172,1262.47052,379002.2535,2.679863038,3.101221246,5.578641792,MNMVFLGPPGAGKGTYAKRLIEMLNIPHISTGDMFREAVASKSELGKKVEEILKRGDLVPDDLTNSIVKDRLSKEDCKNGFILDGFPRTVAQAKALDEIMRSLGKDLDYVIYFEVDEEEVVKRISNRRICSNCGKIYNLITLPPKVDGKCDVCGGTLYQREDDKEEVVRKRYRVYMENTYPVIEYYQKSNKLFTVNGALDVDSVIKEVLNIIRR,68,zinc-like
bdellovibrio_bacteriovorus,121.3608174,421.508377,287920.2977,2.084078493,2.62480621,5.459272283,MNLILFGAPGAGKGTQSELLIKRQGMTQISTGDLFRAAIKGQTDLGKKAQEFMDKGQLVPDSIVIGMVEEVLQKGVQNFILDGFPRTVAQAQALDELLVKMNLSIGKAIFLEVPMRILMDRLTGRRVCKNCGAVYHIVSKPSKVEGKCDLCGGEVIQRNDDKAEVIETRLKTYEEFTSPLKEFYKKSGKYTEVDGNRDTEEVYKEIEKIIK,28,zinc-like
anaeromyxobacter_dehalogenans,147.8682504,666.530541,221847.6743,2.169874934,2.823820054,5.34605488,MILILLGPPGAGKGTQAKLLSSELGIPHISTGDMFRDHKARGTEIGKQVQAIMDAGGLVTDDITNAMVKERLSRPDVAPGFILDGYPRTVVQAEYLDGLLRSLGRSIDRALSYEVPEELVVERISGRRSCPRCGAVYHVSQNPPHRAGFCDRDDAALVQREDDKPENVRKRMQEYGTKTEPLKRYYRDRGELSDVEGVGTPEGILAVTKKVLGR,28,zinc-like
thermococcus_sibiricus,6.289254806,113.329422,55495.34,0.79859919,2.054342674,4.744256517,MNILIFGPPGSGKSTHSRRIIEKYNLEYIASGDIIRAEINKGNALGREMKKYIEKGDLLPDTVINTLVLSRLRKKRENFIIDGYPRTAEQVLALENFLYDHGIRIKLAIDIFISKEESITRISGRRICRQCGAVYHIKYNPSKVPGKCDICGGEVIQREDDTPEIVSRRYDIYINNMEPIIKFYKGQGVYVQINGHGGIEEVWERIRPLLDYIWNREKKKEEFE,81,zinc-like
pyrococcus_furiosus,57.31237653,1804.58618,31759.29039,1.758248417,3.256377627,4.50187079,MNILIFGPPGSGKSTQARRIVERYGLTYISSGDLIRKEIAEGTPLGREMQAYLARGDLIPDTIVNTLIISKLRRVRKDFIMDGYPRTPEQVIALENYLYDHGIKIDVAIDIYVSLEESIRRVSGRRICPKCGAVYHVEFNPPKIPGRCDVCGAELVQREDDRPEVVEKRYRIYMKNMEPIIKFYQKQRIYVKINGHGNIDEVWERIRPLLDYIRNREAMI,96,zinc-like
chlamydia_trachomatis,59.50899671,254.610177,233725.9155,1.774582628,2.405875759,5.36870687,MDRSPLFLIIMGAPGSGKGTQSKLLASQLSLLHISSGDLLRGAVSKDTPLSQEIKSYLDQGKLLPDTLVWKLVHEKLDEFQQDTLLRRLSFLSRSENSAILDGFPRTVTQAKLLHEFLSSYFPNYKVILLDISDEEVLNRLTSRYICPACQGIYNEQQGFSSCPKCSVELIRRSDDTLEVILDRIQTYKQETQPVLDYYTEKQKLITIDANAPTQQVFQSILDSLSASLVYQERDCCNCDCDDED,37,zinc-like
mycoplasma_mycoides,108.7401359,488.685217,222515.7056,2.036389871,2.689029202,5.34736067,MNIMLLGAPGCGKGTQAEQLVNKLNFIQVSTGDLMRKEISLNTRLGLKCQEYMNAGKYVPDQIVNQIVSQFLKNTNDKLIFDGYPRTLEQAKSLEQMLDLYNKKIDYVFYIDVNDQILIKRITNRLVCPLCKASFNLETRKPKQEGLCDFDNTKLVKRSDDSLDKVQIRLQTYKEQTLPLIDYFKTNSKFIEIKADDLSAEQVFNQIKGELKI,37,zinc-like
erwinia_tasmaniensis,128.0355202,646.682065,197988.358,2.10733047,2.810690816,5.296639654,MRIILLGAPGAGKGTQAQFIMEKYGIPQISTGDMLRAAVKAGSELGLKAKEIMDAGKLVTDELVIALVKERITAEDCRNGFLLDGFPRTIPQADAMKEAGIKVDNVLEFDVPDELIVERIVGRRVHAPSGRVYHVTFNPPRVEGKDDMTGEELTTRKDDQEETVRKRLVEYHQMTAPLIAYYSKEAAAGNTAYHKIDGTRKVTEVSAELATILG,28,hbond_like
shewanella_halifaxensis,28.8810571,1554.54511,18578.4619,1.460613085,3.191603329,4.269009756,MRIMLLGAPGAGKGTQAQFIMEKYGVPQISTGDMLRAAVKAGTPLGLEAKKVMDAGQLVSDELIIGLVKERVAQDDCAAGFLLDGFPRTIPQADAMASSGIALDHVIEIDVPDEEIVKRMSGRRVHPGSGRVYHIVFNQPKVEGKDDVTGEDLAIRPDDEESTVRKRLDIYHEQTKPLVEYYGAVAAKGDVTYNKFDGTQSVATVSDEIVAVLS,16,hbond_like
shewanella_frigidimarina,96.49633642,499.117486,193333.9126,1.984510825,2.698202785,5.28630804,MRIILLGAPGAGKGTQAQFIMEQYGIPQISTGDMLRAAVKAGTPLGLEAKKVMDAGQLVSDDLIIGLVKERIAQEDCVKGFLLDGFPRTIPQADAMAENGIEIDHVIEIDVPDEEIVKRMSGRRVHSGSGRVYHVVFNPPKVEGKDDVTGEDLSIRPDDEESTVRKRLGIYHEQTKPLVDYYGKVAAEGRTQYNKFDGTQSVTKVSEQLASVLK,21,hbond_like
pseudoalteromonas_atlantica,7.662261075,396.990703,19300.85772,0.884356946,2.598780336,4.285576609,MRIILLGAPGAGKGTQAQYLMGKYGIPQISTGDMLRAAIKAGTELGNAAKRVMDEGKLVSDELIIGLVKERIAQDDCKGGFLLDGFPRTIPQADAMKEAGINVDHVIEFDVPDEVIVERMAGRRVHPASGRVYHLQYNPPQNDGKDDETGEDLVIRADDQEDTVRHRLGVYHEQTKPLVDYYQSEASANNCQYHKIDGTKAVDVVSDQLSSLLG,21,hbond_like
vibrio_cholerae,420.8021988,1137.702,369870.3165,2.624078,3.056028522,5.568049479,MRIILLGAPGAGKGTQAQFIMEKFGIPQISTGDMLRAAIKAGTELGKQAKAVIDAGQLVSDDIILGLIKERIAQADCEKGFLLDGFPRTIPQADGLKEMGINVDYVIEFDVADDVIVERMAGRRAHLPSGRTYHVVYNPPKVEGKDDVTGEDLVIREDDKEETVRARLNVYHTQTAPLIEYYGKEAAAGKTQYLKFDGTKQVSEVSADIAKALA,36,hbond_like
photobacterium_profundum,6.323205937,220.077408,28731.73578,0.800937326,2.342575462,4.458361864,MRIILLGAPGAGKGTQAQFIMAKFGIPQISTGDMLRAAIKAGTELGKQAKSVIDAGQLVSDDIILGLVKERIAQDDCAKGFLLDGFPRTIPQADGLKEVGVVVDYVIEFDVADSVIVERMAGRRAHLASGRTYHNVYNPPKVEGKDDVTGEDLVIREDDKEETVLARLGVYHNQTAPLIAYYGKEAEAGNTQYLKFDGTKAVAEVSAELEKALA,13,hbond_like
vibrio_parahaemolyticus,319.806746,1188.84272,269006.7749,2.504887621,3.075124403,5.429763218,MRIILLGAPGAGKGTQANFIMDKYGIPQISTGDMLRAAIKAGTELGKQAKAVIDAGQLVSDEIILGLIKERIAQDDCEKGFLLDGFPRTIPQADGLKEMGVEVDYVIEFDVADDVIVERMAGRRAHLPSGRTYHVVYNPPKVEGKDDVTGEDLVVRDDDKEETVRARLGVYHEQTAPLIDYYGKEAAAGKTKYLKFDGTKQVAEVSADIEKALA,29,hbond_like
aliivibrio_salmonicida,4.313790864,589.957206,7312.040297,0.634859086,2.77082051,3.864038576,MRIILLGAPGAGKGTQAQFIMDKFGIPQISTGDMLRAAIIKAGTEMGKQAKSVIDAGQLVSDEIILGLVKERIAQEDCAKGFLLDGFPRTIPQADGLKENGVSIDYVLEFDVADEVIVERMSGRRAHLPSGRTYHVTFNPSKVEGQDDVTGEPLVIREDDKPETVLARLGVYHEQTAPLIAYYTKEAEAGKTEYLKFDGTKLVAEVSAEIEKVLS,15,hbond_like
histophilus_somni,182.441218,484.627586,376456.5272,2.261122963,2.685408131,5.575714832,MKIILLGAPGAGKGTQAQFITNKFGIPQISTGDMLRAAIKAGSELGQKAKILMDMGQLVPDDLIISLVKERVAQEDCEKGFLLDGFPRTIPQADALKSVGISIDYVLEFDVPDEVIVERMSGRRVHPASGRTYHIVYNPPKVEDKDDITGEDLILRADDKPETVLDRLKIYHNTTKLLVDYYQAEAAQGNTKYFRLDGTQKVEEVSQELDKILS,37,hbond_like
actinobacillus_pleuropneumoniae,360.6393178,924.985592,389886.4165,2.557073073,2.966134968,5.590938105,MKIILLGAPGAGKGTQAQFMMNKFGIPQISTGDMFRAAIKEGTELGKQAKALMDEGKLVPDELTVALVKDRIAQPDCANGFLLDGFPRTIPQADALKDSGVKIDLVLEFDVADEVIVERMSGRRVHQPSGRTYHVVYNPPKVEGKDDVTGEDLIIRQDDKPETVLERLAIYHKQTKPLIAYYTAEAEAGNTRYERLDGTKPVEEVSAELAKILG,37,hbond_like
legionella_pneumophila,318.1389931,1020.66261,311698.4888,2.502616902,3.008882206,5.493734697,MRLMLLGGPGAGKGTQASLLINRYKIPQISTGDMLRAAIAKGTPLGLSAQKIMESGGLVSDDIIIGLVKERLKNPDCDRGFLFDGFPRTLVQAEALKDAEIHLDHVIEIAVDDEEIIERISGRRIHQPSGRVYHVVNQPPKNPGVDDITGEPLIQRDDDKEETIRKRLQVYHSQTAPLVQYYKEWAETGSKEAPKFHTISGTGTVEQIFDNIVTILET,37,hbond_like
polaromonas_naphthalenivorans,118.1671583,568.554153,207838.0004,2.072496792,2.754771836,5.317724955,MKLILLGAPGAGKGTQATFICQKYGIPQISTGDMLRAAVKAGTPLGIEAKKVMDSGGLVSDDLIINLVKERIAQPDCAQGFLFDGFPRTIPQADAMKAAGVKIDYVLEIDVPFEAIIERMSGRRSHSASGRTYHVKYNPPKVEGLDDVTGEPLIQREDDKEETVAKRLEVYSAQTRPLVAYYSDWATEAPDEAPKYRAISGTGTVEEITERAFKALSN,20,hbond_like
bordetella_petrii,169.6029195,903.486175,187720.5476,2.229433324,2.955921511,5.273511812,MRLILLGPPGAGKGTQAAFVTQHFAIPQISTGDMLRAAVKQGTPLGQEAKKVMDAGGLVSDEIIIGLVQDRLKQPDCANGYLFDGFPRTIPQADALKSAGVALDYVVEIEVPEDDIIERMSGRRVHPASGRSYHVRFNPPKQEGLDDVTGEPLVQRDDDREDTVRNRLAVYQKQTRPLVDYYASWAQAGDGKAPKYRKISGVGAVDDIKARLFQALAS,34,hbond_like
neisseria_gonorrhoeae,101.9523297,704.879044,144638.049,2.008397154,2.848114599,5.160282555,MKALLLGAPGAGKGTQAQFITAAFGIPQISTGDMLRAAIKAGTPLGLEAKKIIDEGGLVRDDIIIGMVKERIAQDDCKNGFLFDGFPRTLAQAEAMVEAGVGLDAVVEIDVSDSVIVDRMSGRRVHLASGRTYHVTYNPPKTEGKDDVTGEDLIQRDDDKEETVKKRLAVYHEQTEVLVDFYSKLEGEHAPKYIKVDGTQAVEAVKAEVLGALGK,37,hbond_like
pseudomonas_syringae,60.82208392,260.359453,233608.1261,1.784061296,2.41557335,5.368487946,MRVILLGAPGAGKGTQAKFITEKFGIPQISTGDMLRAAVKAGTELGLKAKSVMDAGNLVSDDLIIGLIKDRLAEPDCANGVLFDGFPRTIPQAEALLKAGLEIDHVLEIAVDDEEIVKRMSGRRVHEGSGRIYHTIFNPPKVEGVDDVTGESLVQRKDDVEETVRLRLKVYHDQTKPLVEFYSKLEAQNGKPKCSHIPGVGSVEEITAKVLVALS,26,hbond_like
pseudomonas_entomophila,138.1503208,535.488709,257989.232,2.140351898,2.728750318,5.41160158,MRVILLGAPGAGKGTQAKFITEKFGIPQISTGDMLRAAVKAGTPLGLELKKVMDAGQLVSDELIISLVKERIAQPDCAKGCLFDGFPRTIPQAEAMVAAGVDIDAVVEIAVDDEEIVGRMAGRRVHLASGRTYHIVYNPPKVEGKDDVTGEDLIQRDDDREETVRHRLSVYHSQTKPLVDFYQKLSAANAGKPKYSHIEGVGSVESITAKVLAALS,28,hbond_like
acinetobacter_baylyi,61.24402812,112.023908,546704.9777,1.787063747,2.049310719,5.737753028,MRIILLGPPGAGKGTQAQLICKRYDIPQISTGDMLRAAIREGTELGLKAKSVMESGGLVSDELIIGLVKERIAQPDCENGCIFDGFPRTIPQAEALENAGITIDHVIEIAVPDEEIVKRLSGRRQHPASGRVYHIEYNPPKVEGKDDVTGEELVQRPDDLEETIRKRLGSYHSETEQLVGFYQGRAASGENAPTYNKLDGLRTIDVVQKDLFAILDETK,31,hbond_like
chlorobaculum_parvum,10.2287678,500.348745,20443.27662,1.00982332,2.699272815,4.310550505,MRVILLGAPGAGKGTQAQYISEAFDIPQISTGDMLRAAVKAQSELGMAAKKVMDEGGLVPDDIIIGLVKERIEEDDCANGCLFDGFPRTIAQADALRTEGIRIDNIIEIDVPDEEIIKRMSGRRVHPASGRTYHIVFNPPAVEGKDDVTGEDLVQRDDDTEETVRKRLKVYHDQTEPLVGYYRNLAIEGSDDAPKYSCINGIGQVEQIKQDIIAALKQ,25,hbond_like
alkalilimnicola_ehrlichii,488.0216611,1265.73772,385563.0226,2.688439099,3.102343723,5.586095376,MKVILLGPPGAGKGTQAAGICERFDIPQISTGDMLRAAVKAGTPLGQQAKKVMDAGELVSDDIIMGLVKERIAEPDCANGFLFDGFPRTIAQAEGLKAEGINVDAVVEIQVPDEDIVQRMAGRRVHPGSGRVYHVEHNPPKEEGKDDVTGEPLVQRDDDQEETVRKRLGVYHEQTQPLVEYYSDWAAKGGDGAPRYIVIKGVGSVDDIRNRILSELERA,29,hbond_like
methylococcus_capsulatus,204.2494935,491.757175,415346.2397,2.310160988,2.691750705,5.618410283,MRIMLLGSPGSGKGTQAKYLTERFGIPQISTGDMLRAAVREGTPLGMEAKKIMDAGQLVSDSIILGLIKERIAAPDCANGFLLDGFPRTIVQADALAELGVTLDHVVEIAVDDEEIVRRLSGRRVHPASGRTYHVVFNPPKVEGRDDETGEPLVQREDDKEETIRRRLEIYHVQTKPLVDYYRSKAAQGGVKFHTVPGVGSVEAIRDAVLASLA,41,hbond_like
cellvibrio_japonicus,18.40507146,93.6779744,196471.7062,1.264937508,1.971637491,5.293300017,MRVILLGAPGAGKGTQAQLIMEHFGIPQISTGDMLRAAVKAGTPLGLQAKDIMASGGLVSDDLIIALVKERISSSDCSNGFLFDGFPRTIPQAEALLEADVHIDHVIEIHVPDEEIVARLSGRRVHEASGRVYHIIHNAPRVEGHDDVTGEPLVQRPDDHEATVRKRLAVYHEQTEPLVGFYQKLVAEGKVKAPKYTRINGIGSVDSIRQQLLDVLR,37,hbond_like
lactobacillus_delbrueckii,83.06415043,200.239832,414823.3126,1.919413628,2.301550472,5.617863155,MINLILLGLPGAGKGTASEQIVDKYHLAHISTGDMFREAMANKTPVGLEAKSYIDKGDLVPDEVTAKLVEERLGQDDVKNGFILDGFPRTTNQAELLDEITTHLNKQLTNVIAIDVKEETLIDRLSARFMCKNCGATYNKFSKKPKVEGTCDRCGGHEFYQREDDKPEVVKNRLEVNEKMNAPLKEYYDKKGLLATVNGEQAPEKVFADIDAILSKD,37,zinc-like
streptococcus_pneumoniae,46.81529827,656.207159,71342.25469,1.670387795,2.817040964,4.853346831,MNLLIMGLPGAGKGTQAAKIVEQFHVAHISTGDMFRAAMANQTEMGVLAKSYIDKGELVPDEVTNGIVKERLSQDDIKETGFLLDGYPRTIEQAHALDKTLAELGIELEGIINIEVNPDSLLERLSGRIIHRVTGETFHKVFNPPVDYKEEDYYQREDDKPETVKRRLDVNIAQGEPIIAHYRAKGLVHDIEGNQDINDVFSDIEKVLTNLK,37,other
streptococcus_thermophilus,69.39077157,534.84434,129740.1251,1.841301717,2.728227404,5.113074312,MNLLIMGLPGAGKGTQAAKIVEEFGVAHISTGDMFRAAIANQTEMGRLAKSFIDKGELVPDEVTNGIVKERLAESDIAEKGFLLDGYPRTIEQAHALDETLKALDIKLDGVINIEVNPESLVERLSGRFICRSCGSTYHKVFNPTKVEGTCDVCGGHEFFQREDDKPETVKRRLDVNIAQGEPIIAHYRELGLVSDIQGNQDIDDVFADVKKAIAAIK,38,zinc-like
lactococcus_lactis,358.2758356,1175.22444,304857.3731,2.554217518,3.070120814,5.484096703,MNLLIMGLPGAGKGTQAEFIVKNYGVNHISTGDMFRAAMKNETEMGKLAKSFIDKGELVPDEVTNGIVKERLAQDDIKASGFLLDGYPRTIDQAHALDTMLEELGIKLDAVVNIVVNPNILVDRLSGRYICRNCGATYHKIFNPTKVEGTCDVCGSHDLYQRADDVPETVKNRLDVNIKESAPIIEHYTELGLVKNIEGEQEISQVTDDIKKVLG,31,zinc-like
enterococcus_faecalis,135.7575449,671.335474,202220.1271,2.132763975,2.826939596,5.305824379,MNLILMGLPGAGKGTQAEKIIDTYGIPHISTGDMFRAAMKNETALGLEAKSYIDKGELVPDEVTNGIVKERLAEPDTDKGFLLDGFPRTLDQAKALDTMLKELNKKIDAVIDIHVEEDVLIERLAGRFICRTCGATYHKLFNPPKVEGTCDRCGGHEFYQREDDKPETVKNRLAVNIESSAPILAFYKEQGLMHTIDGNREIDTVFSDVKKIIDEN,36,zinc-like
limosilactobacillus_reuteri,39.32198571,273.265734,143896.511,1.594635441,2.436585177,5.158050264,MSMNLVLMGLPGAGKGTQAQKIVEDFPIPHISTGDIFRAAMKNETPMGIEAKKYIDKGELVPDEVTNGIVKERLAQDDTKDGFMLDGFPRNLNQAAALDEMLAESNRHLDAVINIHVEPDVLVERLSGRFICRNCGATYHKLYNAPKVEGTCDVCGHHEFYQRDDDKPETVKNRLDVNIKLNTPLVDYYQKKGVLHEINGEQDIDKVYEDIKKVLTNLN,36,zinc-like
bacillus_cereus,205.2291649,675.83448,303667.7929,2.312239078,2.829840345,5.482398733,MNLILMGLPGAGKGTQAEQIVAKYNIPHISTGDMFRAAMKAETEMGLQAKSFIDKGALVPDEVTIGIVRERLSQEDCVRGFLLDGFPRTVAQASALEEIMKDLGKKIDYVLNINVDSGLLLKRLTGRRICKECGATYHLEFNAPAKADVCDKCGGELYQRSDDNEETVANRLDVNIKQTKPLLDFYEELGYLQSINGEQDINKVFADIDVLIGGLA,30,zinc-like
geobacillus_kaustophilus,76.42110475,240.300981,318022.4418,1.883213312,2.380755544,5.502457768,MNLVLMGLPGAGKGTQAGKIVEAYGIPHISTGDMFRAAIKEGTPLGLQAKQYMDRGDLVPDEVTIGIVRERLSKEDCQHGFLLDGFPRTVAQAEALETLLSEIGRKLDYVIHIDVRQEVLMERLTGRRICRNCGATYHLVFHPPAKPGVCDKCGGDLYQRPDDNEATVANRLEVNMKQMKPLLDFYEQKGYLRHINGEQEMEKVFADICEVLGGLAR,55,zinc-like
geobacillus_thermodenitrificans,119.8245192,463.651159,258436.7943,2.078545695,2.66619135,5.412354345,MNLVLMGLPGAGKGTQAEKIVETYGIPHISTGDMFRAAMKEGTPLGLQAKEYIDRGDLVPDEVTIGIVRERLSKDDCQNGFLLDGFPRTVAQAEALEAMLAEIGRKLDYVIHIDVRQDVLMERLTGRRICRNCGATYHLVFHPPAQPGVCDKCGGELYQRPDDNEATVANRLEVNTKQMKPLLDFYEQKGYLRHINGEQEMEKVFSDIRELLGGLTR,58,zinc-like
geobacillus_stearothermophilus,83.29574939,273.821872,304196.8444,1.92062284,2.437468135,5.483154705,MNLVLMGLPGAGKGTQAEKIVAAYGIPHISTGDMFRAAMKEGTPLGLQAKQYMDRGDLVPDEVTIGIVRERLSKDDCQNGFLLDGFPRTVAQAEALETMLADIGRKLDYVIHIDVRQDVLMERLTGRRICRNCGATYHLIFHPPAKPGVCDKCGGELYQRADDNEATVANRLEVNMKQMKPLVDFYEQKGYLRNINGEQDMEKVFADIRELLGGLAR,54,zinc-like
bacillus_subtilis,269.6847813,614.392283,438945.587,2.430856439,2.788445752,5.642410687,MNLVLMGLPGAGKGTQGERIVEDYGIPHISTGDMFRAAMKEETPLGLEAKSYIDKGELVPDEVTIGIVKERLGKDDCERGFLLDGFPRTVAQAEALEEILEEYGKPIDYVINIEVDKDVLMERLTGRRICSVCGTTYHLVFNPPKTPGICDKDGGELYQRADDNEETVSKRLEVNMKQTQPLLDFYSEKGYLANVNGQQDIQDVYADVKDLLGGLKK,32,zinc-like
bacillus_licheniformis,116.4239971,631.137663,184466.8825,2.066042506,2.800124097,5.265918408,MNLVLMGLPGAGKGTQAERIVEDFGIPHISTGDMFRAAMKEETDLGLEAKSYIDKGELVPDEVTIGIVRERLGKNDCDGGFLLDGFPRTVAQAEALEEILKGLGKSIDHVINIQVDKDALMERLTGRRICKNCGATYHLVFNPPAKENVCDKCGGELYQREDDNEATVSTRLEVNMKQTQPLLDFYEDKGYLVNIDGQKHINEVYADIKELLGGRDK,32,zinc-like
lysinibacillus_sphaericus,146.6035241,329.105419,445460.6811,2.16614441,2.517335033,5.648809377,MNIVLMGLPGAGKGTQADKIVEKYAIPHISTGDMFRAAIKEGTELGLQAKSFMDQGALVPDEVTIGIVRERLAKPDCEKGFLLDGFPRTVPQAEALDSILADLGKAIEHTLNIQVEKDELIARLSGRRICKTCGASYHLIFNPPAEEGKCDKDGGELYTRADDNPDTVANRLEVNMKQAQPLLDFYQAKGVLTNIDGQQDINKVFADLDALLQSSRS,33,zinc-like
clostridium_botulinum,229.1944035,680.844578,336632.4869,2.360204009,2.833047983,5.527156025,MKIVLLGPPGAGKGTQAKSISNRYSIPHISTGDIFRKNISENTPLGMEARSYMDKGLLVPDEVTINMVKDRLQEDDCLSGYLLDGFPRTVAQAEALNEFLENRNEQLDTALLIDVPSEFILDRMTGRRVCTSCGGSFHIKFNPPTIDGKCNLCGSDIVQRKDDTVETVKERIDVYDKQTQPLIEFYKSKNLLSMVDGTKAIDQVFEDICKLLGEQ,37,zinc-like
methanosarcina_acetivorans,54.89569381,283.61379,193557.9148,1.739538278,2.452727343,5.286810935,MNIILFGPPGAGKGTQAKKLVDFYGIPQISTGDILRANVREGTELGLAAKAYMDKGELVPDQVLIGIIKNRLNEADCEKGFILDGYPRTVPQADALEAILDEIEKPIDVVLNLEVPDEVLVGRISGRLMCKCGASYHIISNPPKKDNVCDICGGEVFQRADDTAEAVQNRLDVYKKQTQPLINYYKEKGILVTLDGTKEIDVVFEDLKAILAKFA,37,zinc-like
geotalea_daltonii,127.9356194,742.161584,172382.4328,2.106991476,2.870498471,5.236493006,MNLILLGPPGAGKGTQAKLLIKKYRIPQISTGDILRAAVKDMTPMGGKAKSFMDAGALVPDEVVVGIIQERLNLADCSNGFILDGFPRTVAQADALAKVLSGLGRSIDHVISIVVDNEELLERVTGRRTCRNCGKGFHVSFDPPKSSGICDECSGELYQRDDDREDTMRKRLEVYWQQTSPLVEYYKNKSLLRSVEGVGSMEEIQQKIVSILQG,30,zinc-like
methanococcoides_burtonii,3.974142929,250.492426,15865.32173,0.599243482,2.398794599,4.200448884,MNVVLFGPPGAGKGTQAKELDKHYQIPHISTGDILRANVRDGTKLGKEAKGYMDKGELVPDEVLIGVIKNRLAESDCKPGYLLDGYPRTTPQADALSSILVEIGMPLEVVLNIDVADEELVTRLCGRYVCTCGESYHMKFNPPKKENVCDACGADLYQRDDDKEDVIRQRLDSYKEKTQPLISYYGEKGLLVDIDGTGAIDRIFSDICKTLDQYK,21,zinc-like
trichlorobacter_lovleyi,53.89306638,405.715219,132834.7172,1.731532895,2.608221299,5.123311595,MNLILFGPPGAGKGTQAQFLVETYGIPQISTGDMLRAAVKAGTPLGVKAQEIMIQGGLVSDDIVLGIVAERLAQDDCAAGFVLDGFPRTIPQADALSVILKQVGRAIDHVISLEVDGEEIVNRLSGRRSCSSCGKGYHLVFDPPLRAGVCDVCGSGLVQRADDQEETVRNRLLVYEQQTAPLKDYYRSRQVLCSIPGIGSIVEIQQRIAAALVE,26,zinc-like
heliomicrobium_modesticaldum,59.0464714,447.767971,131868.4569,1.771193949,2.651053025,5.120140924,MNVLLMGPPGAGKGTQAEMLVSRFAIPHISTGDMFRAAIKNETELGRKAKAFMDAGQLVPDEVTIGIVRERLAQDDCRQGFLLDGFPRTVPQADALEETLKELGLELDAVIDIHVPRERLIERLTGRRICRQCGATYHVLFNPPPTEGLCGKCGGELYQRSDDSRETAENRLDVYTRQTQPLIEYYEAKGRYKRIDGEQDMAAVFKDICAALGRDAE,50,zinc-like
desulfitobacterium_hafniense,263.4534764,804.118944,327629.9836,2.420703934,2.905320294,5.51538364,MRAILMGPPGAGKGTQAADLITRYQIPHISTGDMFRAAIKAGTALGMKAKEYMDAGSLVPDEVTIGIVAERLAEPDCSKGFLLDGFPRTVAQADALDKILTQLKMNLDGVINIEVPEAKLLERLTGRRICRQCGGTYHMVFNPPAAEAVCDKCGGELYQRSDDTLETAKNRLQVYNDQTQPLIDYYREKGLLKEINGDQDIAQVLQDIVDAMEHGHD,37,zinc-like
methanocella_arvoryzae,228.0252402,698.631354,326388.5007,2.357982922,2.844248073,5.513734849,MQFVLFGPPGAGKGTQAKFLSEELNVPHISTGDILRENVKKGTALGLKAKSYMDKGELVPDNLLIDLIKDRLSQPDCRKGFLLDGFPRTIPQAEALDEILDDINKKLDGVINIDVGSGELIRRLSGRRICRSCGASYHLVFNPPKAKDLCDSCGGELYQRDDDKEVAIKNRLDVYVRQTQPVLEYYKKKNLLIDIDGEKEIDEVTADVKAAIRKLA,45,zinc-like
thermodesulfovibrio_yellowstonii,479.1357712,1880.39225,254806.2891,2.680458596,3.274248453,5.406210143,MRLVFLGAPGAGKGTQAKRLVEKYGIPQISTGDLLRAAVAAGTPLGKEAKAYMDRGELVPDKVVLGMVKERLSQNDCKKGFILDGFPRNVAQAEALDKMLSEMNMPLDLALNLDVPFDDLMKRLTGRRTCKSCGQMYNVYYSPSKVEGKCDKCGGELFQRDDDKEETIRKRLEVYRAQTEPLIDYYSKKGILKSVSGTGSIDEIFNSICAILEKK,60,zinc-like
archaeoglobus_fulgidus,525.7130129,1529.61007,343690.8682,2.720748727,3.184580734,5.536167993,MNLIFLGPPGAGKGTQAKRVSEKYGIPQISTGDMLREAVAKGTELGKKAKEYMDKGELVPDEVVIGIVKERLQQPDCEKGFILDGFPRTLAQAEALDEMLKELNKKIDAVINVVVPEEEVVKRITYRRTCRNCGAVYHLIYAPPKEDNKCDKCGGELYQRDDDKEETVRERYRVYKQNTEPLIDYYRKKGILYDVDGTKDIEGVWKEIEAILEKIKS,81,zinc-like
alkaliphilus_oremlandii,223.3512565,1025.23457,217853.8093,2.3489884,3.010823242,5.338165158,MRLILLGPPGAGKGTQAASIVEKYHIPHISTGDIFRYNIKQGTELGKKAKSYMDQGLLVPDEVVVEIVEDRLKKEDCENGFLLDGFPRTVVQAEALDKALVDMNISLDKVINIQVDKERLIERAVGRRICRECGATFHVQYNPSTKGALCDQCGGELYQRDDDNEETVTRRIEVYLSETTPLVEYYSSQNKLVTIDGDKKINEVFANIVTSLGSDL,29,zinc-like
syntrophomonas_wolfei,70.21108275,123.034101,570663.598,1.84640567,2.0900255,5.75638017,MNIILMGPPGAGKGTQAELLKARFPIPHISTGDIFRDAVNQGSELGQEAQKYMSSGQLVPDEITTAIVKERITQADCDSGFLLDGFPRTTDQAQALDQSLAELGKKVDLAINIDVPTQLLIERLSGRISCRECKRVYNLNFNPPREQGKCDSCGGELVQRNDDRGETVVKRLEVYNQQTRPLLQYYEAQGVLFNIEGSRGSGQVFADIQEKLESL,36,zinc-like
symbiobacterium_thermophilum,42.47037405,374.087139,113530.6981,1.628086086,2.572972778,5.055113308,MHIILMGPPGAGKGTQAVLLAGQEGIPHISTGDIFRAHMSQGTPLGKLAKEYVDAGKYVPDDVTNAMVRDRLAQPDCKKGFVLDGYPRTPEQARALDEMLAELGLALDAVINIDVPDELLVERAVGRRVCRSCGATYHVRFNPPREAGRCDRCGGELYQRSDDQEEKVAVRLNLYHSQTAPLLQFYKERGLVRTVRGDQPMDQVTADIKEAVRASR,60,zinc-like
moorella_thermoacetica,448.5488574,1669.84209,268617.5298,2.651809755,3.222675404,5.429134351,MRLVLLGPPGAGKGTQAREINQRLAIPHISTGDMFREAIKRGTPLGRQAEVYIKGGRLVPDEVTIGLVQERLVQPDCRNGFLLDGFPRTVAQAEALDSWLSSRGERLDAVIDIEVPRDALLERLTGRRVCRQCGATYHVRYNPPAVPGKCDACGQDLVQRADDTEATVNKRLDVYNEQTAPLVNYYRQRGLLKEIDGSQAIPAVILAIGRALGRDWQ,59,zinc-like
natranaerobius_thermophilus,97.64901349,293.547412,332651.5905,1.98966786,2.467678256,5.521989604,MRIILMGPPGAGKGTQAEKLSKELDVPHIATGDIFRKAVSEGTELGKEAKSYMDAGQLVPDDVVIGIVEERLKKPDCHEGFILDGFPRTVTQAEALDKVLSDNPLTAAVYIDVSKDELIDRLSGRRICRKCGKSYHIKFNPPQVRGVCDEDEGELYQRDDDNEETAKERLEVYLENTQPLVEYYQDRGILKKIDGTKSPEEVFRDILKAVQAKQ,50,zinc-like
caldanaerobacter_subterraneus,109.3901735,696.35356,157089.9896,2.038978311,2.8428298,5.196148511,MRVVLLGPPGAGKGTQALKIAKEFDIPHISTGDIFRQNLRDNTELGKLAKEYMDKGLLVPDEVTNRIVEDRLEKEDCKKGFLLDGYPRNIPQAEELDKFLEERGHSLTAVINIQVEREALIDRITGRRVCPVCGATYHIKTSPPKVDNVCDKCGSELIQRSDDKLESVVKRLEVYEKETKPLIDYYTKKGILVNIDGNKSIDEVFEDIKKALLGDRRDDIH,69,zinc-like
salinispora_arenicola,128.3923669,296.271909,433359.9069,2.108539205,2.471690476,5.636848729,MRLVLVGPPGAGKGTQAEFVAAHLAVPKISTGDIFRSNVSQGTPLGVQAKRYMDAGELVPDEVTINMVRDRLAEPDASEGFLLDGFPRTTPQAAALDKLLVDLGTALDLVLELVVDDDEVIRRLSGRRTCRGCGKVWHVEFDAPSQEGRCDRCGAELFQRDDDKPETVATRLREYADKTAPLVDYYGAQGKLVGIDATGPVEDVTVRAIDALRSYSG,27,zinc-like
streptomyces_coelicolor,60.51031033,182.404226,331737.4364,1.78182938,2.261034896,5.520794484,MRIVLVGPPGAGKGTQATRLAETLHIPHISTGDLFRANISQQTELGKLAKSYMNAGNLVPDEVTIAMAKDRMEQPDAEGGFLLDGFPRNVSQAEALDELLETEGMKLDAVLDLEAPEDEVVKRIAGRRVCRNEPKHVFHVTYTPPKKEGVCDVCGGELYQRDDDSEETVRKRLEVYHTQTEPIIDYYKSQGLVATIAATGPVDEVTRRALEALKRDQ,26,zinc-like
haloarcula_marismortui,1.084606491,175.499954,6180.095586,0.035272199,2.244277007,3.790995192,MSNPRILIVGPPGAGKGTQSANLAEAYGVEHITTGDALRANKDMDISDMDTEYDTPREYMEAGDLVPDAVVNAIVDEALSQADGFVLDGYPRNLEQAEELEGMTALDVILSLDVSREELVDRLTGRRVCDDCGTNYHVEFNQPEEDGVCDECGGDLIQRDDDNEESVRNRLDVFDDNTAPVIDHYGDHDGFVAIDGEQTPDEVWSEIQDAVDAHTA,37,zinc-like
halobacterium_salinarum,5.618044366,1504.8802,3733.217014,0.749585165,3.177501928,3.572083236,MSHPNVLLLGAPGAGKGTQSRRLVDEFGVEHVTTGDALRANKTKDITHLDVEYDTPGAYMDAGELVPDAVVNEIVKTALDDADGYVLDGYPRNESQTEYLDSITDLDVVLYLDVDEDELVGRLTGRRVCEDCGATFHVSFNQPETEGVCDACGGSLYQREDDTEETARERITVYEENTAPVVEYFREQGVLAEVDGERTPDEVWTDVAAAVDERTA,37,zinc-like
psychromonas_ingrahamii,7.81568736,1572.17422,4971.260348,0.892967179,3.196500671,3.696466508,MRIILLGAPGAGKGTQAQFMMDKYGIPQISTGDMLRAAAKAGTELGLKAKELMDAGQLVSDELIIDLVKERISAEDCAKGFLLDGFPRTIPQADAMKTAGVAVDFVLEFDVPDEEIVKRMAGRRVHAGSGRTYHIVYNPPKVADKDDVTGDDLSIRPDDEESTVRKRLDIYHTQTEPLVAYYKNEAGQGNGEYHKFDGTKTVDVISAELATVLG,10,hbond_like
shewanella_loihica,223.4578011,546.280471,409053.2482,2.349195521,2.737415675,5.611779846,MRIMLLGAPGAGKGTQAQFIMEKYGVPQISTGDMLRAAVKAGTPLGLEAKKVMDAGQLVSDELIIGLVKERIAQDDCAKGFLLDGFPRTIPQADAMAASGIDIDHVIEIDVPDEEIVKRMSGRRVHPGSGRVYHIVYNPPKVEGKDDVTGEDLAIRPDDEESTVRKRLGIYHEQTKPLVEYYGKVAEQGKLTYNKFDGTQSVGAVSEAIVKAIG,21,hbond_like
alteromonas_mediterranea,39.83193004,176.852985,225226.2241,1.60023135,2.247612394,5.352618956,MRIILLGAPGAGKGTQAQFLMGKYGIPQISTGDMLRAAIKAGTELGLEAKRVMDEGKLVSDEIIIGLVKERIAQDDCKDGFLLDGFPRTIPQADAMKEAGVSVDHCIEFDVPDDVIVERMGGRRVHPASGRVYHVVYNPPKVEGKDNETGDDLIVRDDDKEETVRKRLAIYHEQTKPLVNYYSAEAEAGNCEYHKLDGTRPVEEVSAELAERLG,23,hbond_like
marinobacter_nauticus,151.413235,496.673066,304854.9345,2.180163838,2.696070609,5.484093229,MRIIMLGAPGAGKGTQAQFITERFEIPQISTGDMLRAAVKAESELGLQVKEVMASGGLVSDDIIIALIEERIQQPDCKNGFLLDGFPRTIPQAEALKDQGIAIDYVVEISVEDEEIVSRLSGRRVHEGSGRIYHVKYDPPKVEGKDDETGEALIQREDDKEETVRKRLKIYHEQTAPLVGFYQSWAEKAPADAPRYVRVEGVGSLDSIRDQILSQLK,29,hbond_like
jeotgalibacillus_marinus,25.96974919,176.528422,147113.6993,1.414467755,2.246814639,5.167653116,MNIVLMGLPGAGKGTQAEQIIEKYEIPHISTGDMFRAAIKNGTELGLKAKSFMDQGNLVPDEVTIGIVHERLSKDDCQKGFLLDGFPRTVAQADALDSLLTDLGKKLDYVLNIKVEQEELMKRLTGRWICKTCGATYHTIFNPPAVEGICDKDGGELYQRIDDKPETVKNRLDVNMKQTQPLLDFYSQKGVLKDIDGQQDIKKVFVDINDLLGGLR,11,zinc-like
acaryochloris_marina,5.515497239,916.416277,6018.55006,0.741584672,2.962092794,3.779491877,MRLVFLGPPGSGKSTQAQAGAARWQIPSISTGDLLRDAIATQSDLGKQAQTHVEAGELVPDTLMVGLMRESFGSPATQNGWILDGFPRNLAQTQALDTLLQIMGQLYGQVVYFETPEDLLIERMLKRGRQDDSEDLIRQRLQIYNDQTTPLIDFYRRRQCLIEIDGSRPESEITDEIASALQPLVSV,20,lidless
acetohalobium_arabaticum,14.60229934,133.878514,109071.2684,1.164421247,2.126710883,5.037710364,MHIILVGPPGAGKGTQAARLVDEFGIPHIATGDIFRSAIKNETPLGKKAKEYIDQGQLVPDEVTVGMVENRLAEDDCQEGFILDGFPRTVAQADALKDILTDLGIELDAVLNIEVGEEEVVKRLSARRVCSECGASYHLEFDPPQKENTCDKCSGELYQRDDDEPETIKERLEVYKEKTEPLIDYYQKTGDLKSIDGEAAPKEVFTRIKQELS,37,zinc-like
acetomicrobium_flavidum,491.1365824,960.116922,511538.3045,2.691202284,2.982324124,5.70887816,MRMIFLGPPGAGKGTQAVKLAAKYGIAHISTGDMLREHVKSETDLGKQAKSYMDSGRLVPDELIIEMVKKRLREDDAKRGFILDGFPRTVKQAEALDELLESEGIKLDAVVFLDVDEETLVRRLSGRRICLNCNAIYNVYNADYPEDGHCRNCGAKLIQRDDDRPEVVRQRLDVYRKDTAPLLAYYKGRGNLVTVDASSDSGEVLRAIEELCGGKNDPN,53,zinc-like
acidimicrobium_ferrooxidans,41.83260377,274.924179,152160.5118,1.621514897,2.439212937,5.18230196,MGDAALRLALLGRQGAGKGTQAVRISHHFAIAHIATGDILRAAVRAGTPFGEKAKAYLDRGELVPDAVIIGVVAERLSEADATRRGFVLDGFPRTVEQAEALEGLLAPHGLDVVIDLEVPEWLVLERLASRRVCSVCGANYSTSMPPRVDWTCDLCGGEVVQRADDTEEAIRRRLDAYERQTTPLIEYYRERELLEVVDGVGGPEEVMERILEALARHGVVEEGR,45,zinc-like
actinocatenispora_sera,1.98399785,269.590831,7359.292757,0.297541197,2.430705117,3.86683608,MSIAASCLMPLRANVAEGTELGREAKGYMDAGELVPDQVVINMVRDRLAEPDAEDGFLLDGFPRTVPQAQELDKMLADLGTGLDLVLELVVEEEEVIRRLSGRRTCRGCGKIWHVEFDPPAVAGVCDRCGAELFQRDDDKPETIAERLRVYARDTQPLVAYYGAQGKLVGLDAVGPVEDVTQRAYDALASYGG,28,zinc-like
agromyces_subbeticus,128.9242834,567.907768,227016.2351,2.110334726,2.754277809,5.356056917,MTGGEARDGANRAAASARFLIVGPQGSGKGTQGVLVAEAYGVPQVATGDIFRANVAGGTELGKRVQAIIDAGDLVSDELTSELVRDRLSQPDAAGGFVLDGYPRNRGQVADLDAFLERRGESIDAVIELEVPHAESMARLQQRAADQGRTDDTEEAIANRLAIYERETAPILDVYRPRGVVVRIDGVGTLVEVTQRIFQALASRGLAPRHPGTAA,29,lidless
allofrancisella_guangzhouensis,273.933298,970.512374,282256.3682,2.437644826,2.987001077,5.450643749,MRIILLGAPGAGKGTQAKIIEQKYSIAHISTGDMIRETIKSGNAIGRQLKEILDSGQLVSDEFIIKIVKNRISKEDCKNGFLLDGVPRTIVQAEQLDKLGVNIDFIIEINVDDKLLIERITGRRIHPASGRTYHIKFNPPKVEGKDDVTDEDLVTRSDDNEATVKERLFVYREQTSNLIEFYKNFKSNNTKTPKYIKINGDQPVEKVSQDIFDHLN,30,hbond_like
asanoa_hainanensis,5.193968135,494.161954,10510.6597,0.715499281,2.693869306,4.021629975,MTKGSMMRVLMVAPPGAGKGTQGAVIATHFGIPHIATGDLLRDHVARRTPLGQAVQARLDQGELVPDDIVLDMVREALAEAAATGGGYVLDGVPRTMAQARATYQIALELGMTADVALHLKADDRELERRLLARAALEGRSDDTVETIRRRLRVYHELTHPIVAWYGDRGILVTVDAMRPADQVGREILAALEVMRSFVDRSPEEPRRAVDLSGLGAAFGELGAALP,28,lidless
bartonella_quintana,8.026759148,116.021454,69183.4042,0.904540232,2.064538304,4.840001928,MRVVFLGPPGSGKGTQARMLTEEYRIPQLSTGDMLREVISRETEVGRKAKAIINAGALVSDSIVNQIVSNRINESDCINGFVLDGYPRTVGQAEVLQQILQSKNMQLDAVIELIVDENALIERMKKRVQETIAVGGQVRSDDNHVAFAKRLVEYREKTAPLSKFYSERGLLKVVDGMMAVTEVSRVIRGFFK,37,lidless
pseudobdellovibrio_exovorus,163.5686838,456.689428,358161.7479,2.213700159,2.659620958,5.554079201,MNIILIGAPGSGKGTQSRRFIDKFGFVQLSTGDVLRAAIAAKTETGLLAQSFMDQGKLVPDEVMISLVDGYMTQQAGKSVIFDGFPRTVAQAESLNDMLKKRASKIEKVVYFKINPQILVKRLTGRRTCSQCGEIYHIETKPSSKGDLCEKCNGPLVHRADDREDVINERLAQFEKNTGPTIEFYRKQGNLAEVDSDQEPDVVFEQITKILGLAN,29,zinc-like
bombiscardovia_coagulans,69.80865652,238.535647,292655.0283,1.84390928,2.37755329,5.46635599,MVQRLLIMGPQGVGKGTQAALLANNYGIPAISTGDIFRYNLKNGTPLGKEAQGYIDKGELVPDELTNKIVADRLGMEDAKAGWILDGYPRSASQVQALDVMLDQLQTPLTAVVALNADRDVLMERMKKRAEIEGRADDTPEVIAKRLDVYAKETEPLLSIYKERGLLIQVDGVGAIDEISSTIIAQLSERG,37,lidless
brachyspira_pilosicoli,215.7309933,1109.05016,194518.6981,2.333912543,3.044951189,5.288961354,MINIIFIGAPGSGKGTQSELIEKEYSISHISTGDMFRENIANGTELGKTAKGYMDKGELVPDSLVIDMLFDRLKKDDCKKGFMLDGYPRTMEQAKELDKLLEKLNYKIDAIINLSVAENIIIKRLLNRGRSDDNEETIKNRIKVFESQSKPVLEYYKDKVYIIDVESLENETPEDIYKKIKKGLDGIKK,37,lidless
brucella_vulpis,60.78817354,176.488262,344431.8214,1.783819095,2.246715826,5.537103268,MRLILLGPPGAGKGTQAGLLTKKHGIPQLSTGDMLRAAVAQQSEIGKRAKAVMDAGQLVSDEIVNQIVSERIDAPDCANGFILDGYPRTVPQAQALSQMLSGKGLKLDAVIELKVDENALVKRMESRVAETIAKGGQVRSDDNLEAFRKRLVEYREKTAPLSNYYAGTGELRVINGMAPVEEVTAEIERILVPAWLAGMKIEGT,37,lidless
bryobacter_aggregatus,33.93895704,281.598183,120522.6422,1.530698492,2.449629848,5.081068644,MNGEHSPQAFQAVVLFGPPGSGKGTQAKLLVERLGLPHVSTGDMLREHIQLGDALGLQVREVIKAGNLVPDELVIRLVEERLNRPDCRPGVLLDGFPRTIDQARILLGMAEGRGLRLLVIHLKVDYDVITARLTGRRICPQCGTLYNIRLKPPIVPGRCNIEGARLIVREDDKESVIRQRLVAYDAQTMPVLQFFAERVDFFEVDGSNRKPEDLSDEIVNWIQTTVQEGKAS,26,zinc-like
capnocytophaga_ochracea,5.290210835,627.474735,8430.954332,0.723472981,2.797596244,3.925876737,MIVLITGASHTGKTFLAQKLLEKYKYPYLSIDHLKMGLIRSGYTKLTLENDKALTDYMWPIIREMIKTAIENKQNLIIEGVYIPFDWEKDFTKKYLEDIKCYCLVMSENYIKTHFDDIKKYAKVIEKRLDDDWCTMESVLDDNAQFLALAKKHNTNFILIDDKYKVNIEL,37,lidless
chitinophaga_pinensis,68.1626577,401.355412,169831.1662,1.833546515,2.603529124,5.230017392,MVNIILFGPPGSGKGTQSANLISKFGLIHLSTGDLLRSEIEAKTPLGLEAKKVMDQGILVPDEVVIGMISSKLDANPEARGFIFDGFPRTTAQAEALDKLLSLKKTAISNVLALEVPEDELIARLLNRGITSGRSDDANEDVIRARIVEYHNKTAPVADHYAKYGKFKKIKGEGSVDEIFDRLSKEIESLVEEKV,23,lidless
chondromyces_apiculatus,2.839660634,203.969382,13921.9946,0.453266441,2.30956498,4.143701461,MIVILLGPPGSGKGTQARTICQQLGGIPQLATGDMLREAKRAGTLEKRYLDIMDAGGLLPDEAVIGLIETRTANPDCQAGFLLDGFPRSVGQAEALDAMLATRGREIDAVVLLDVPRSLLEERVVHRRSDKLTGQIYHLLYNPPPRGIELEHRADDRPEAVGKRLDSYEAITAALLPFYEQRQLLCRVNGVGSPDDVTHRVMLSIKDTMRGADQDPSRVGSTGKA,29,lidless
chrysiogenes_arsenatis,71.42228725,358.843929,199034.4032,1.853833754,2.554905603,5.298928151,MRFILLGAPGAGKGTQGSRLSAEYQIPVISTGDILRAAVKAGTSLGTLAKSFMEQGKLVPDDVIIGIVRDRLAESDCANGFILDGFPRTVAQADALGKMLQQNYGVTLDAVVSIVVHEEELVERIAGRRVCEQCGASYHVAVARPQSDGICDQCGGKLSQRKDDNEETVRSRLQVFNEQTAPLVDYYQQTGLLREIDGMGDMAKIYSDIVCVLKK,28,zinc-like
dactylosporangium_aurantiacum,10.89629868,454.136705,23993.43317,1.037278999,2.657186605,4.380092395,MRVLMVAPPGAGKGTQAAVISAHFNIPHIASGELLRDHVARRTELGAAVKEHLDRGELVPDSVIMAMIRDALTAAKAAGGGYVLDGVPRTMAQAKATYLIARELGMTADVALHLTASDDELLRRLQARALVEHRSDDTEDVIRHRLRLYYEVTHPIVAWYRRRGILVTVDAMRPAKDVAHEVIAALEAKQAEPRAEDPAPDDGWGLDLSGP,29,lidless
deinococcus_proteolyticus,76.12397384,129.771151,586601.6696,1.881521451,2.113178157,5.768343295,MTQATNQVVIFLGPPGAGKGTQAERLAAAYGLTKVSTGDILRDHVARETALGQQVAPILAAGQLVPDDILVALIRDRICTMEPVRIIFDGFPRTQAQANALDLLLEELGAPVSAAVLLEVPDEELIGRIVERGRQAAAAGEPVRSDDTEEVARRRQEVYRQETAPLIEHYQRTGRLTEVDGTGTMDEVYARIEQVISTAR,30,lidless
desulfatibacillum_alkenivorans,479.59947,1702.33555,281730.2793,2.680878694,3.231045169,5.449833526,MRILFFGPNGSGKGTQGSIVKDKYNIPHIESGAIFRENISKGTEIGKKAKEYIDRGDLVPDEITIPMILGRLQADDCANGWLLDGFPRSKEQAVKLDEALKEANMALDVVIEMILDRQIAKNRIMGRRLCENDNNHPNNIFIDAIKPDGDKCRVCGGALSARSDDQDEDAIDKRHNIYYDTDTGTLASAYYFKAIAEKDGSLKYVTLNGEPSVPEVTEELVGKLG,30,zinc-like
desulfurella_acetivorans,34.65361092,132.112051,262304.6926,1.539748495,2.120942435,5.41880606,MILILLGAPGVGKGTQSQNIIKKYSIVQISTGDILRNEVKNETELGLTAKQYMEKGELVPDDTIIKMIEKRISQPDCANGFLLDGFPRTIEQAKSFDKMIKQKGLDLDKVIYIDVADDEIIDRLTLRRVCPTCGAIYHLKNKPPKQDMICDICGSKLIQRSDDTKETVENRLKVFKEHTKPLIEYYEKQGKLNSVSGLGTVDEVFSRILTALSSI,55,zinc-like
desulfurobacterium_atlanticum,81.73787598,129.952511,628982.6595,1.912423348,2.113784676,5.798638672,MIKVVFLGPPGAGKGTQAVRIAEKFNVPHIATGDILRAAVKEGTELGKLAKSYMDRGELVPDDVIIGIIRERLSQDDVRSSGFILDGFPRTLPQAEALDELLSSINMELDKVIYLNVDDEEIVKRLLSRGRADDNEDVIRNRLEVYRKQTAPLIDYYKGKGLLAEINGVGDIDEITQKIVEAIGVNG,70,lidless
desulfurobacterium_thermolithotrophum,65.51240574,157.278863,416536.6184,1.816323548,2.196670361,5.619653187,MLKVVFLGPPGAGKGTQAVRIAEKYNVPHISTGDILRAAVKEGTELGKLAKEYMDKGELVPDDVIIGIIRERLSQSDVRERGFILDGFPRTLPQAEALDKMLAELGLPLDKVVYLNVDDEEIVKRLLARGRADDTEEVIRNRLEVYRKQTAPLIDYYSEKGILVEICGVGEIDEITKKIEESLGLNG,70,lidless
dietzia_alimentaria,56.94891383,336.844129,169066.0722,1.755485445,2.527428982,5.228056463,MRLVLLGPPGAGKGTQAALLSEKLGVPHISTGDLFRANISQGTDLGKEAKSYIDAGNLVPAEVTNRMVAARIAEPDATEGFLLDGYPRSAAQADALKEMLGEAGHTLDAVLEFKVDDDTVVKRMLARGREDDTEDVIRNRMSVYRSETAPLLEYYAGEVKSIDAVGEVDEINARALAALGR,28,lidless
rickettsiella_massiliensis,16.48575062,571.977266,28822.38788,1.217108726,2.757378768,4.459729958,MRIILLGSPGAGKGTQAKFIAEHYALPIISTGDMLRAAVSQGTPLGQHAKTLMESGQLLPDELMIQLVEERIRAPDCEAGFLLDGFPRTLPQAEALRRQKVPIDLVIEIATEDEEIVRRLSGRRIHPASGRVYHLHYHPPRIPNRDDQTGEVLVQREDDQEVTIRERLRVYHQQTKPLIAYYRDWQRTGDAHAPAYVQVDGSASVDHVRQQIIEVLNPWSWAQSRK,28,hbond_like
dissulfuribacter_thermophilus,802.8254979,1724.14639,465636.5043,2.904621157,3.236574137,5.66804702,MRLILLGGPGAGKGTQANFIKEKFGIPQISTGDMLRQAVKDGTELGKEAKKYMDSGQLVPDDVIIGLVKERIKEPDCEKGFLFDGFPRTIPQAEAMKEAGVKIDYVVEIAVPDEEIIKRMSGRRVHLPSGRTYHIIYNPPKVEGKDDVTGEPLVQREDDKEETVRKRLEVYHAQTEPLVEFYKKWEESGDPNAPKYIRIDGVGTVDEIKERIFKALGA,60,hbond_like
effusibacillus_pohliae,171.8651465,719.132565,238989.52,2.235187813,2.856808956,5.378378857,MQVIFMGLPGAGKGTQAERIVEEFGIPHISTGDMFRAAMAEGTPLGLKAKEYVDRGQLVPDEVTIGIVRERLSRSDTKKGFLLDGFPRTVPQAEALETALDEMGRKIDVVIHLEVKRETLLERLTGRRICRSCGATYHVIFNPPKEEGKCDKCGGELYQRADDSVETVATRLDVNIRQQEPLLRFYETRGLLRSVNGEAEIDEVFAQISNILRGVE,55,zinc-like
eggerthia_catenaformis,14.52724729,134.669063,107873.6791,1.162183329,2.129267838,5.032915491,MNIILMGPPGAGKGTQAKKLVEEFGLTQISTGDLFRKAHAEQTDIGIIADYFTKFGRLVPDDVTNEMVTEYFKNNLKDMKNGFILDGYPRTIVQARELEFMAAHFGFKIDAVINLEIDPEILKARLSGRRTCRQCGTTFHIVYKPPRIEGVCDVCGGELYQRADENEEAVKARLDTYLKQTKPLIDYYQMKKELTNINGAQTMEDVYKDIKKCLEGKK,37,zinc-like
adlercreutzia_mucosicola,170.04628,454.992773,373734.0241,2.230567136,2.658004498,5.572562637,MNIVLLGAPGAGKGTQAAKLVEEFSLPHISTGDMLRAAVAAGTELGLKAKSYMDAGDLVPDDVIIGLVTERLQDSDTANGFILDGFPRTSAQAVALDAELGKLGRPLDGALLIDVDPEVIVGRLTSRRMCRDCGYIGSAADGDVCPKCGGEMYQRDDDNEATVRNRLDVYETSTSPLIDYYRGCELLVTIDGDRDPEVVYADVKEALA,37,zinc-like
escherichia_coli,193.7738376,538.464375,359863.8027,2.28729514,2.731156976,5.556138165,MRIILLGAPGAGKGTQAQFIMEKYGIPQISTGDMLRAAVKSGSELGKQAKDIMDAGKLVTDELVIALVKERIAQEDCRNGFLLDGFPRTIPQADAMKEAGINVDYVLEFDVPDELIVDRIVGRRVHAPSGRVYHVKFNPPKVEGKDDVTGEELTTRKDDQEETVRKRLVEYHQMTAPLIGYYSKEAEAGNTKYAKVDGTKPVAEVRADLEKILG,37,hbond_like
faecalibaculum_rodentium,3.366186022,317.916303,10588.27745,0.527138112,2.502312799,4.024825313,MILLISGTTHTGKTLLAQHLLEKTGCSYLSMDHLKMGLIRSGMTDLTPQDDDTLTDFLWPILREIIKTAIENRQNLILEGCYVPFDWRKEFTADYLRDIHDLWLVMSSDYIRTHLRDIEAHGCDIEQRLENHVDPDSLIQENRKILAGCRENGCTYFLIDQAYPMDLADQTLNQIRKGER,37,lidless
ferrimicrobium_acidiphilum,34.79619801,162.812888,213718.941,1.541531794,2.21168878,5.329843014,MVAGHPLRLVVVGRQGAGKGTQCVRVSHRYAIPHISTGDMLRAAVAADSPFGQLAKSFMDRGELVPDSVINGVIAERLEQPDARLRGFVLDGFPRTREQAVALNDLLAPASLNMVINLEVPVDLVLRRLSSRRVCSVCGSIYSDELPPRTPGICDNCGGELIQREDDTEAAILRRLEIYEQTTTPLLGFYTEMNLLEIVDGVGTPEVVLGRISEVLASHGFFEGGR,32,zinc-like
fervidobacterium_islandicum,493.1834761,1348.85261,365631.8507,2.693008517,3.129964497,5.563044021,MNLVFLGPPGAGKGTYAKRVVEKYNIPHISTGDIFREAIAKGTELGKKVQDIVNSGNLVPDELTNALVEERLKQPDCANGFILDGYPRTLNQAQALDEMLSAMGKILDAAIYFEVDEETVVQRISTRRVCSKCGKVYNLITLPPKTEGICDDCGGQLIQREDDKEDVVRGRYRVYIEKTSPLIEYYRNQNKLFTLDGRKSVEEVMKMLFNILGGIEKK,63,zinc-like
fibrobacter_intestinalis,243.6490293,502.951759,484438.1691,2.386764685,2.701526331,5.685238354,MAISAVLIFGAPGSGKGTVGAKLAATTSLKHLSTGDIFRGIAPSSESGKLLASYSSKGLLVPDEATVKIFERYVEGLVNTNKLNPEKDTLLLDGIPRTVAQVDLIRPIVDVKHIFVLDIQDEATIVARLLNRAKIEGRKDDADENVIKNRLNVYKDSTAKVLEKYDPKIISHIVGDNTPDEVFCDVLRAYVNFKKNA,37,lidless
flavobacterium_hydatis,102.1795759,650.601681,157053.9685,2.009364096,2.813315181,5.196048915,MINIVLFGKPGAGKGTQAEFLKEKYKLTHLSTGDIFRFNLKNDTDLGKKARVFMDNGELVPCEVTTAMLIDEVNKHLDTEGFLFDGYPRTLDQARALDEFLPTIGSSVTATIALEADDEILVARLLERGKTSGRADDQDEEKIRVRYQEYNEKTAPLIGYYKEQNKFHAVNGIGSIEEITERLTSVIDNL,25,lidless
gemmobacter_aquatilis,68.15256348,417.388722,163283.1936,1.833482196,2.62054071,5.212941486,MTDATTLTTPAVLILLGPPGAGKGTQARMLEEDFGLVQLSTGDLLRAAVAAGTEAGKKAKAVMEAGQLVSDDIVLAILKDRMAEPDVAKGIILDGFPRTAGQAAALDTLLAGNGQKVTAAISLEVDDEAMVGRVSGRYTCAKCGEGYHDEFKRPAHAGTCDKCGGTEFKRRADDNAETVRERLNAYHAQTAPLIAYYDGKGVLEKIDAMGAIADIRQTLARIVKRVSA,30,zinc-like
glaciecola_punicea,1.803190143,320.74689,5621.847629,0.256041525,2.506162454,3.749879071,MRIILLGAPGAGKGTQAQFLMNKFGIPQISTGDMLRSAIKAGTEMGLAAKKVMDTGNLVSDDIIIGLVKERIAQADCENGFLLDGFPRTIVQADAMKEAQVKIDNVIEFDVPDDVIVERMSGRRVHPASGRVYHISYNPPKVEGKDNETGDDLIVREDDKESTVRDRLAVYHTQTEPLIEYYSSAADEGVCVYNKLDGTQSVDVVSSQLSTLLY,10,hbond_like
halorhodospira_halophila,472.0196134,1600.58426,294904.5703,2.673960045,3.204278542,5.469681503,MRLILLGPPGAGKGTQAAHICEAFGIPQISTGDMLRAAVKAGTPLGQQAKKIMDEGGLVSDDIILGLIEERVAQADCANGFLFDGFPRTIAQADGLNDQGIRIDAVVEIQVPDEEIVDRMAGRRVHPGSGRVYHVTHNPPRQEGKDDVTGEDLVQREDDREETVRHRLGVYHEQTRPLVDYYSQWAQKGGADAPAYITVDGQRPVETVRDEILAALKAR,25,hbond_like
helicobacter_acinonychis,8.09002111,850.708807,9509.74181,0.907949655,2.929780929,3.978168726,MKRLFLIIGAPGSGKTTDAELIAKNNSATIAHFSTGDLLRAESAKKTDRGLLIEKFTSQGELVPLEIVVETILSAIKSSEKGIILIDGYPRSVEQMNALDKELNAQNEVVLKSVIEVEVSEKTAKERVLGRSRGADDNEIVFHNRMHVFLDPLIAIQNFYKAKKVYKTINGERSIEEIVHEMQEYILSFGN,37,lidless
helicobacter_rodentium,76.70156097,982.540885,78064.49802,1.884804202,2.992350631,4.892453571,MKKLFLVIGAPGSGKTTDAEVISKNNSESMVHYSTGELLRAEVASGSELGKLIDSYTSKGNLVPLEIVVKTIVDAISNAIKDIVLIDGYPRSVEQMVELDKILQNKSDIALVSVIEVEVSEKTACDRVLGRARGADDNVEVFNNRMKVYQTPLQEIQDFYSKKGILKKINGERTIEEITAEMEAFIKSKI,37,lidless
hydrogenobacter_thermophilus,83.49511825,188.166662,443729.6031,1.921661084,2.274542681,5.647118403,MILVFLGPPGAGKGTQAKMLSEELGFKHISTGDMLREAVKNATPLGLKAKEYMDRGDLVPDDIVIAMVEQVVLKEKKVILDGFPRTIAQATSLDSMLKKHGREVSKVILFEIDDEVIVDRLTGRRICPNCGAVYHLKFSPPKEDQICDICGTKLIQRQDDTEEVIRRRLEVYRRQTAELIDFYKRQNKLISLDAQKSIEELYKDLKKAVEDEY,70,zinc-like
kushneria_avicenniae,9.443868972,1172.23409,8056.29955,0.975149953,3.069014347,3.906135606,MRLILLGAPGAGKGTQARFICERFDIVQISTGDMLRAAVKEGNELGLRVKEIMSAGQLVSDDLIIELVRERIAQPDCANGFLFDGFPRTIVQADALKDAGIDLDHVLEIHVADEEIISRLSGRRVHPGSGRVYHIDNHPPLKVDIDNETGEPLIQREDDREETVRHRLEVYHDQTEPLIAYYQQLQEQDPQRAPAFHRVEGVGSVEDIRSRVVEALTS,29,hbond_like
lachnospira_multipara,3.840233218,1486.55544,2583.309788,0.5843576,3.172181111,3.412176489,MDRKKIIIIGCPGSGKSTFARRLHDVTGLPIYHLDNLFWKADRTHISRDEFDTRLNEYMQGDCWIIDGNYSRTYEIRIAACDTVIFLDYGEEVCMQGITNRVGKVREDMPWIEDELDPELVEMVQQYETQNKPVLQDLFRKYPEKEVITFYNRDEAMKWLVSEYIVV,38,lidless
lactobacillus_crispatus,79.1705224,204.151029,387803.6902,1.898563511,2.309951573,5.588611937,MINLILLGLPGAGKGTASERIVDKYHLTHISTGDMFREAMANKTKVGLEAKSYIDKGNLVPDEVTAKLVEERLSQPDIKEGFILDGFPRTTVQAELLDGITKRLEKPLTNVIALEVDEDTLIKRLSARYMCKNCGATYNKLSKQPKVEGTCDRCGGHEFYQREDDKPEVVKNRLEVNEKMNAPLKDFYQKKGLLTVINGEQTPEKVFEDIDAVLSNNQ,37,zinc-like
legionella_erythra,275.3452767,859.512764,320350.422,2.439877631,2.93425233,5.5056253,MRLMLLGGPGAGKGTQALKLTNYFDIPQISTGDMLRSAIAAGTELGKNAKAIMDAGKLVSDDIIIALVKERLQQNDCRKGFLFDGFPRTIPQADALKTAGIKLDHVIEIAVPDSEIINRISGRRVHVASGRVYHVTFNPPLKDGLDDATGEPLIQRADDSEATIRNRLDVYHQQTEPLIDYYQRWANTQDCLAPQFHRVSGLGSVDSIFTNILSAINARELSCSKT,37,hbond_like
megasphaera_paucivorans,118.8757437,430.777721,275956.1089,2.075093247,2.634253234,5.440840013,MYILLMGPPGAGKGTQAEQLIEKYGIPQIATGDMFRAAVKEQTPLGLEAKKYMDNGQLVPDAVTIGIVKERLAKEDCKKGFILDGFPRTTAQAVSLDAILSDLGIKLDGVVNISVPDEELIQRTAGRQICRSCGATYHITFKPAKVHGVCDKCGGELYQRDDDKADTVKKRLTVYAAQTKPLIDYYKNSNLYIEIDGTQGMKAVFKAIVESLEKSKK,30,zinc-like
mesonia_phycicola,308.987969,540.63996,571522.6248,2.48994157,2.732908142,5.757033427,MTNIVLFGPPGAGKGTQADILKKKYELVHISTGDVFRYNIKNETELGKTAKSFIDKGQLVPDEVTINMLNAEVEKHPEAKGIIFDGFPRTEAQAGALDKLLESKNDSVNAMIALEVEDEVLVQRLLERGKTSGRADDADESVIRNRIKVYYDETAILKNYYKKQDKYFGVDGVGSIDEITQRLSKVVDQL,28,lidless
methylophaga_frappieri,164.5679416,635.916565,258788.5749,2.216345237,2.803400138,5.412945099,MRTVLLGAPGSGKGTQGVVLSQQFSIPQISTGDLLRAAVAAGSELGIKAKSAMDAGALVSDDIVIGLIRERLSESDAQQGYILDGFPRNIAQAEALDTMLNELGQPLQGVVLLDVPFEELMQRLTGRRTCKNCGAIFNVHLSPPKTENICDKCGGELFQRQDDNAETISNRLKVYQDQTAPLIGYYQSQQKLHTVQGTGNIDDITQSVSNIFSDI,29,zinc-like
microbacterium_chocolatum,134.8955428,309.525768,435813.6115,2.1299976,2.49069681,5.63930079,MTARLLIVGPQGSGKGTQGVRVGEALGIPVVSTGDVFRANVKDGTELGLQVKSIIDAGDLVPDELTSAVVRDRLAQADAAEGFLLDGYPRNLAQVMHLDEFLEGRDESLDAVIALIVPREESLSRLTARAAEQGRADDTEEAIATRLGIYERETAPILDVYGTRGIVDEIDGVGTLDEVTARVFAALEARGIAAPPAA,30,lidless
micromonospora_viridifaciens,91.31732942,275.941377,330930.1795,1.960553202,2.440816827,5.519736375,MRLVLVGPPGAGKGTQAEFIAAHLSVPKISTGDIFRANVSQGTPLGVEAKRYMDAGKLVPDEVTINMVRDRLAEPDASEGFLLDGFPRTTPQAAALDKLLADLGTALDLVLELVVDDDEVIRRLSGRRTCRGCGKIWHVEFDATTREGICDRCGGELFQRDDDKPETIAARLREYAEKTAPLVDYYGAQGKLVGIDATGPVEDVTVRAIDALRSYGG,27,zinc-like
mycoplasmopsis_arginini,175.9737948,535.637615,328531.4359,2.245448,2.728871068,5.516576932,MIKECCCNHEAKCQSKKPNLIFIGPPGAGKGSVANLIVQNFGYFQLSTGDMFRQEIKNKTELGLKIKNILDSGKYVDNDITNQLVEKKLTELVEKEIPFILDGFPRTIDQAEFLDNLKEKGIIIDKVILLKITNEQIIERLSKRRICPLCKTIYHLESFPPLDDKFCIKCHTEVVKRADDEEEVILKRLAIYNDQTKCLIDFYKNKGLVLEINSYQELNKVFEDVKKALQW,37,zinc-like
mesomycoplasma_flocculare,24.55339463,320.445503,76622.68436,1.390111544,2.505754181,4.884357363,MISEKRILFIGAPGSGKGSLSKILVDKYKLVHISTGELFRLKIKEDQKLAKKIQSYVSSGGYVPDKITNKIVADFISKLPKNRGYILDGYPRTIEQLNFMNENGIEVDLVFYLKIRTDTIINRLRQRLFCQECQKPYNLLLAKPKIAGKCDLDNNDLITRNDDRPEIISVRIEKFNLSIAPIVQHYENINKIHYLDTENPLEKIIEEIEKWL,37,zinc-like
mesomycoplasma_hyorhinis,250.2349817,1049.58794,238412.5924,2.398348022,3.021018832,5.37732919,MIKNNKLTNKALNLIFLGSPGSGKGTLAGILKEQKQILHLSTGDLFRAKIASDEEFALKMKQIILQGLYVPDEITNNIVLDYLQNANLENGIILDGYPRTITQAKFLEQNNFKIDFVVYLQTSENIILERLSLRKYCPTCQSTYHDKFKPAKEGKYCFKDNTVVQRRKDDEPEAIKKRIAIYQEQTAPLINYYATQNLLIEFDANQDLNKLTEEVITTLWKL,37,zinc-like
mycoplasmoides_pneumoniae,72.7072489,446.732109,162753.5774,1.861577712,2.650047169,5.211530543,MVMENKFLFLGAPGVGKGTLAKQVANTTGLFHLSTGDIFRSVMQEQGALSQTLAHYMNQGLYVPDELTNQTFWHFVTTHQNELHKGFILDGYPRTLNQLEFLQSKLQLDQVFHLKLSDPQVLVARILNRLVCPSCGSVYNKQSKPPLKANQCDRCHATLQARNDDTEAVILKRLTLYEDTVKPLIEAFTKQGILTVIEAQLPLEQQVNLVQQLVH,37,zinc-like
nonlabens_ulvanivorans,57.45575458,518.988496,110707.1833,1.759333533,2.715157731,5.044175801,MGLNIENKFVVGYGMDYDNLGRNLPELYVQTQRMKNIVLFGPPGAGKGTQAERLKEKYGLVHISTGDVFRYNIKNGTELGTLAKSFMDKGNLVPDEVTIKMLNAEVEKTPDAAGFIFDGFPRTDAQAKALDELLASKGSEIAGMVALEVDDEVLVERLLERGKASGRADDANEGVIRDRIAVYYKQTAPLKDYYTAQDKYHGVDGVGALDEITARLSVEFDKL,22,lidless
oenococcus_oeni,15.15579239,858.136552,17661.28287,1.180578648,2.933556401,4.247022246,MSKNIVMLGLPGVGKGTNADIMVEDFKLPHISTGDIFRSAMANHTELGDKAKSFMDAGNLVPDEITNGIVNERLNEADVKDAGGFILDGYPRNTSQADSLESFLRSIQQKLNAVIYLDASEKTVTNRMLGRGREDDTPEVVAHRIDVAKKETMPLVEYYRNKGSLYTIDANGEVSVVYPKIKKLVSNL,30,lidless
oleiphilus_messinensis,9.449501336,597.887474,15804.8157,0.975408891,2.776619455,4.198789436,MGAIQKMRAILLGAPGAGKGTQAQFITQKYEIPQISTGDMLRAAVKAGTPLGLKVKEVMASGGLVSDETIIELIEERITQADCANGFLLDGFPRTIPQAEALKEKGIKIDHVIEIAVDDEEIVKRLSGRRVHEASGRVYHTIYNPPKVEGMDDETGEALIQREDDQESTVRKRLDIYHSQTAPLVDYYKNWAAEDAAAAPGYVHVPGVGTVEEIRDKIFEQMA,27,hbond_like
parafannyhessea_umbonata,126.2218341,271.24262,465346.6115,2.101134487,2.433357931,5.667776556,MKIVLLGAPGAGKGTQAQKLVADYGVAHISTGDLLRAAVKAQSKLGIEAKGYMDAGKLVPDQLVIDLVKERLAQDDAQKGFILDGFPRNTAQAEVLDKELSGMGIALDAALLVDVKADVIINRLSSRRTCRSCGYTAGAGVDVCPRCGGEMYQRDDDKPETIKKRLDTYESQTAPLVGYYREHGILKEVDGDRPVDEVYADVKALLGL,37,zinc-like
paenibacillus_bovis,167.9147439,608.695412,275860.0453,2.225088831,2.784400028,5.440688803,MNIIFMGPPGAGKGTQAAVIVKELGIPHISTGDAFRLAIKQETPIGVKAKEFIDQGLLVPDDVTNGIVEERLAQPDCEKGFLLDGYPRTLAQAEALDKMLAAMDRKLDHVINLKVDRDKLLVRITGRRICRTCGATYHIVFNPPKQEGVCDIDGGELYQRADDNEESVATRLDEYGNKTAPLLAYYGDRNLLRDIDGEQGIDVVSQDIVSLLRG,30,zinc-like
patulibacter_medicamentivorans,46.37675297,208.516836,222412.5105,1.666300339,2.319141126,5.347159212,MTELNLILLGPPGAGKGTQGERLTASEPLEYIVTGEILRAAVREASELGLQAKGYMDEGQLVPDELVIGLILERVRAEQATDGFLLDGFPRNIAQGEALDGALSQLGRDLNGVLLIEVPDEEIVRRLSGRRVSSSGRIYHVEFDPPKVAGKDDVDGTDLIQRDDDKPDTIRKRLAVYHEQTAPLIGYYEERGLLHRFDGTAPADEVEAHVRKTISTLRLEDAV,28,hbond_like
pedobacter_hartonius,38.12335415,421.099893,90532.80417,1.581191104,2.624385131,4.956805972,MLNFVLFGPPGAGKGTQSEKLIARYQLNHISTGDIFRAHISNQTPLGQQVSALIADGQLVPDAITIAMLEEEVEKNPGAKGFIFDGFPRTVAQAAALDEFLESKGSSIAAVIALDVDQEELTKRIAERQKLTNRVDDQADKLQKRIEEYFSKTIHVLPYYEAQNKLSKVNGIGKIDDIFAELCEVVDKY,13,lidless
persephonella_hydrogeniphila,136.4544951,534.661971,255216.3844,2.134987847,2.728079295,5.406908552,MAKTYIFLGPPGAGKGTQAQRLVEEKGFVQISTGDILREAVKKGTELGKKAKEYMEAGKLVPDDIIIGIIKEKLKELEGKDIILDGFPRTIPQAEALDKMLPEVGRKLDGVILFDVPDEEVIKRLSGRRVDPKTGKVYHIIFNPPPPEIEVIQRDDDKEEVIRKRLEVYHSQTAPLIEYYKKQNKLQVIDATRSPDEVYTELLSVLK,70,lidless
porphyromonas_macacae,42.40602987,50.1617711,845385.4188,1.627427615,1.700372862,5.927054753,MTNIVIFGAPGSGKGTQSENLIKRYGFKHVSTGDLLRAEIKQDTELGQVAKRYIDKGQLVPDEYIIQMIEHLLSQLQKEAGLIFDGFPRTVAQAVALDDLLVHHQTKVDVVLDLKVPQEELIDRLLKRGQISGRSDDNLETIKKRLLVYHNQTAPLASYYANKGVLKTIEGTGTVSEIGDRIVRVVDALHK,37,lidless
prochlorococcus_marinus,3.609443576,1975.50508,1827.099111,0.557440257,3.295678151,3.261762106,MKKHLLFLGAPGAGKGTQAELLSQTNSYLHLSTGELLRKEIEMNTALGIQVKDIMNRGELVSDELVLKIVRHNLVKDNEGWILDGYPRNLSQANSLNEVLNEINQPLEVVFYLDIPEEVLIKRLLLRGRKDDTEETIRTRVDIYKKTTEPLIQYFKDLSLLEYIDADRDLKTISSDIKQKMA,20,lidless
prosthecobacter_debontii,3.829741467,420.588202,9105.679733,0.583169457,2.623857086,3.959312371,MAESQPRFRTLLILGAPGSGKGTQGKVLGSIPRFHHLACGDVFRSLDTRTPLGQKFVEYSSRGELVPDDVTVQLWRANIKQRVDSHQFKPEIDFLVLDGIPRNVDQARFMEEDIEVLKVFHLSCPDRTELARRLRKRALKDNRFDDANEKVIQHRFATYEAETKPILDYYSGDRIVEIDASQPPAKVLYDILAGVMTLQAWRDIEQMKI,26,lidless
pyrinomonas_methylaliphatogenes,80.06465685,490.193051,163332.9087,1.903440847,2.69036715,5.213073696,MAKIIVLMGAPGAGKGTQARLLQERTGLPQIATGDIFRALAQEDSPLAEEVRAVQASGRLISDDLVVRVVRERTGRPDCRNGYILDGFPRTTVQAEMLEKLAEEQGHAITAILVDVPLEILEKRMTGRRTCPVCGEIYNVYFKPPRNDERCDLHPEAKLIHRSDDVPEKVRVRLETYEQQTRPLIDYYEAAGRLHRVDGMRAPEEIYKDIERIVLNGA,60,zinc-like
rhodanobacter_fulvus,28.01149517,214.455293,130616.9448,1.447336291,2.33133677,5.115999521,MRLVLLGAPGSGKGTQAARLKTDLGVPHISTGDMLRAAVAAGTPMGLKAKAVMDAGQLVSDDILLGMLEDRLAQPDAKAGFILDGYPRNLAQADALDQLLAKIGQPLDAVIKLEVPNEAIIRRCEIRFAAEGRADDNPDTVRRRLGIFAEQTAPVADFYARRGKLQVVDGVGELDEVTVRIKQALHRAPVVANG,27,lidless
pseudoroseomonas_rhizosphaerae,115.3806028,438.942577,262860.3577,2.062132804,2.642407709,5.419725095,MNLILLGPPGAGKGTQAKRLEERHGIAQISTGDMLRAEVKSGSEIGREAKAIMEQGALVPDAIITAMLANRVSQPDAARGFILDGFPRTTPQAEALDIMLRDKGLQLDHVIELKVDDAALVERIAGRFTCASCGAGYHDSFKPTAKPGVCDSCGGTEFVRRADDKAETVAARLEAYHRQTAPLLPYYEAQGKLSQVDGMASMDEVARQVEAILSR,30,zinc-like
falsiroseomonas_stagni,96.00090285,345.614764,277768.5239,1.982275317,2.538592286,5.443683031,MRLILLGPPGAGKGTQAKRLEERYGISQISTGDMLRAEVKAGSPIGLEAKAIMERGDLVPDAIITAMLAARVSAPGSAKGFILDGFPRTVPQAEALDRMLAEKAMPLDHVIELKVDDAALVERIAGRFTCAKCGEGYHDSFKKPAQAGVCDSCGGTEFTRRADDKAETVAARLDAYHRQTSPLLPHYAAQGKLRQVDGMAEMDEVTRQIAAVLGAG,30,zinc-like
rubritepida_flocculans,90.80571368,428.332786,211998.046,1.958113176,2.631781318,5.326331858,MNLILLGPPGAGKGTQAKRLEERFGLVQISTGDMLRAEVKAATPIGLEAKAIMERGELVPDAIITAMLAARVQQPDAAKGFILDGFPRTVPQAEALDAMLAEKGLRLDHVIELKVDDAALVARISGRFTCARCGEGYHDQFKPPAVAGVCDKCGGTEFTRRADDKAETVGARLAAYHRQTAPLLPYYAAQGKLRSVDGMADMSAVTAALEEILAPAA,50,zinc-like
rubrobacter_radiotolerans,8.623056274,35.127061,245481.8601,0.93566122,1.545641815,5.390019405,MRIILLGPQGAGKGTQASRLSERTGAKHIATGDIVRAEIKSGSDLGKKVREYNDRGDLVPDEIIVEMFKPHLEGTSDWVLDGFPRNEAQARALDEALVELGIELDGVVALEASDEELVERLSGRRQSEATGRTYHIQHDPPPEDPGEDPGPFVQRKDDTEEAIRNRLRIYHEQTEPLKGYYAERGLLSTVDATQAIEAVTRDVLAAVGEK,37,other
salinibacter_ruber,2.669347946,258.363907,10331.73703,0.426405187,2.412231843,4.014173344,MRLIIFGPPGAGKGTQAGLLEERHGITQISTGDILREAMAQETELGQKAKSYIDAGELVPDALVRDLAEQAIADEGHDDFMLDGYPRTDQQAEWLTEFLASNETPLDGVLSMKVPDDVLVRRLSRRRVHEETGETYHLDHDPPPEDVDPDLIVQRSDDEPETIQNRLDVYREETAPLATYYEERDLLVPVDGTGGIEEVFGRIEEALDALER,37,other
salinispira_pacifica,72.35638585,467.123706,154897.6961,1.859476866,2.669431908,5.190044958,MKLVFLGPPGAGKGTMAGRLSEEKDIPHISTGDIIRGAIRNQTDLGKKVKEIVEAGGLVPDDLTISLVEERLGKSDAREGFILDGFPRTIAQADALKKMTSLDRVINFQLDDEEIVKRLSGRRVHKASGRTYHILFNPPKTEGKDDVTGEDLITRPDDTKQSIEKRLEVYRNQTAPLISYYKEEGILTDLDSSPSPDAVFADLLAAVS,35,hbond_like
salipiger_mucosus,62.16220228,860.4598,72243.00575,1.793526392,2.934730585,4.858795807,MDGQTVTAAPVLILLGPPGAGKGTQARMLEEEFGLVQLSTGDLLRAAVAQGTEAGKKARAVMEAGELVSDEIVIAILRDRLAEPDCARGVILDGFPRTTVQAQALDALLAERDQRIDAAVSLEVDDAAMVTRISGRYTCAACGEGYHDAFKQPATAGTCDKCGGTEMTRRADDKAETVASRLEAYHAQTAPLIGYYDKTGALARIDAMGAIDDIAAELGAIVKRVTG,30,zinc-like
sphaerochaeta_pleomorpha,284.3943578,1075.61364,264401.963,2.453920976,3.031656301,5.422264675,MNLVFLGPPGAGKGTIASQAKTHYDIPHISTGDLFRNNIKNETELGKQVKAILASGNLVPDSVTIAMVKDRLSEDDAKKGFILDGFPRTIAQAEALKEMTGLDAVVNFVLDREDIVKRLSGRRVCKSTGKTYHIIYSPPKVEGIDDETGESLIQRDDDKEEAIINRLAVYDKQTEPLIAYYREKGILIDIDAKPAPEEVFASMVKLLQK,25,hbond_like
spirulina_subsalsa,4.242612933,1712.41879,2477.555699,0.627633412,3.233609985,3.394023427,MSKRIIFLGPPGSGKGTQAKILAHSMEIPHISTGEILRRAVVEETSLGKKVKDFLEQGDLVPDSLLVDLIRERLNSEDADEGWILDGFPRTIAQANFLEELLQEFQETRKVVFNLEVPEPVLVKRLLHRAEEEGRADDTEETIRHRLQVYHDLTEAVIDYYHEHEDHDLYSVNGDRLPEEVAKSLNEIVMVNA,23,lidless
sporolituus_thermophilus,434.2305793,1417.95209,306237.8358,2.637720404,3.151661557,5.486058847,MHILLMGPPGAGKGTQAVKLVEAFHIPHISTGDMFRAAVKEGTPLGKQAKEYMDAGQLVPDSVTIGIVKERLAKPDCERGFILDGFPRTLDQADALDRTLCELGIRLDRVINISVPAEELVKRMTGRRICRSCGATYHIHFNPPAQAGICDKCGGELYQRADDQEQTVTKRLAVYSAQTQPLIEYYQDKGLYTEIDGQQDIDKVFADIVASLRGEQV,55,zinc-like
streptomonospora_alba,4.846277977,468.714579,10339.50765,0.685408321,2.670908462,4.014499859,MSTGDIFRANVSGGTELGKQAKAYMDRGDLVPDEVTNAMVRERLKEEDAKNGFLLDGFPRNVAQAEALNKILDGLGQRLDAVVELRADEEEVVKRLSGRRQCRNCNRVHHVEFDPPRTEGVCDHCGGELFQRDDDREEVVRHRLDVYREQTEPLVAFYEGEGLLVAIDATGGVDDVTSRAQAALRSGA,30,zinc-like
streptomyces_subrutilus,18.09551597,108.439312,166872.2868,1.257570971,2.035186754,5.222384218,MRIVLVGPPGAGKGTQAAFLAKNLSIPHISTGDLFRANISQGTALGKQAKAFMDAGDLVPDEVTIGMAKDRMEQADAANGFLLDGFPRNVSQAEALDVMLQTAGMKLDAVLDLEVEEDEVVKRIAGRRICRNDSSHVFHVAYAQPKTEGVCDKCGGELYQRGDDSEATVRNRLEVYHTQTEPIIDYYKAQGLLVTIPALGEVADVTKRAMEALKK,27,zinc-like
synechococcus_elongatus,14.74252136,79.3984413,185677.7176,1.168571766,1.899811977,5.268759789,MARLIFLGPPGAGKGTQAVVVAEQLQLAHISTGELLRAAVTAQTPLGIEAKGYMDRGELVPDSLVLGLVRDRLQQPDTANGWILDGFPRNRSQAEALNLLLTEINQQVDRAVNLDVPDPVIIERMLARGRADDTESVIRRRLEVYREQTAPLIDFFRDRQQLLAIDGNSEVAAVTDRLVSALQVAA,24,lidless
thermodesulfatator_atlanticus,340.6353576,1758.28986,193731.0596,2.532289725,3.245090472,5.287199254,MNIVFLGPPGAGKGTQAKMIAEKFGIPQISTGDMFREHLSKGTELGKKAKEYMDKGALVPDEIVLGMVEERLKQPDCEKGFILDGFPRTLPQAEALDKLLEKLGKKIDYAILIDVPDEELVKRLTGRRTCKKCGMMYHVMFKPPKEEGKCDVCGGELYQRADDNEETVKNRLKVYHEQTEPIVQYYEKKGVLYRIDGMGSIEEIFNRIVKLLGG,70,zinc-like
thermodesulfobacterium_commune,294.57493,1781.81701,165322.7735,2.469195783,3.250863101,5.218332683,MNIVFLGPPGAGKGTQAKILVEKYGIPQISTGDMLREHVGKGTELGLKAKEYMEKGQLVPDEIILGMVKERLSQPDAQKGFILDGFPRTVAQAEALDKMLEEMGRKLDVALALIVPDEELVLRLTGRRTCKNCGMMYHIKFKPPKVEGKCDACGGELYQRPDDNEETVRNRLKVYHESTAPLIEYYKNKGILAEIDGSKSIEEITQQIINILEKK,70,zinc-like
thermomicrobium_roseum,11.7691413,74.5695923,157827.6203,1.070744777,1.872561769,5.198183008,MAGRCHVIVIGPQGSGKGTQAARVAPLLRLVHVATGDLFRQLMTRDDELAREVRSYYDRGALVPDELTLRVLLARLDELEREQGDQYRGALLDGYPRNLAQAEALDRVLTERGDVIAAVVHLVVPREVLIERLSGRLICPTCGATYHVRFSPPRVAGICDHCGGALMQRSDDTPEAIARRLETYEQQTAPLLDYYRARDLVIDIDGNRPIDVVTRDLLVALESRLAHNPCRSS,70,zinc-like
treponema_putidum,285.6964785,1573.77845,181535.3861,2.455904887,3.196943594,5.258961293,MNCIFLGPPGAGKGTLAFEVSKSYKIPHISSGDLFRAAIKEQTELGKKVKAVIDSGALVSDELTIALIKERLEKDDTKNGFILDGFPRTIAQADALENIAKIHSVINFDISDDEVIKRLSGRRVCSSCGKSFHIEFVKPKKESVCDSCSGELIIRPDDKIEAVQKRLETYRNQTAPLIDYYTKKNLIVNIDARSSTDKVLASFKVKFPN,37,zinc-like
veillonella_seminalis,132.2498148,343.70596,384776.0301,2.121395073,2.536187063,5.58520801,MYILLMGPPGAGKGTQATRLIDKYGIPQISTGDMFRAAVKECTPLGLEAKKYMDAGQLVPDSVTVGIVRERLAKDDCKNGFILDGFPRTTAQAVSLDAILKEMGIVLDAVVNLNVPNEELVRRISERARLENRDDDKPETVQKRLAVYDESTKPLIDYYRNSGLYVEINGLQDVDAVFTDIIKALEK,37,lidless
verminephrobacter_aporrectodeae,1.436919847,932.121022,1541.559318,0.157432543,2.969472303,3.187960241,MRLILLGAPGAGKGTQASFICREYGIPQISTGDMLRAAVKAGTPLGLQARAVMDSGALVSDDIILALVKERTAQPDCAKGFLFDGFPRTLAQADAMKAAGVRLDCVLEIDVPFDAIIERMSGRRLHPASGRTYHIRFNPPRVPGRDDATGEELVQREDDKEETVRKRLQVYSDQTRPLADYYRSWAQAEPATAPRYRSISGTGSVDEITVRALQALADCPRPVLVGH,22,hbond_like
virgibacillus_dokdonensis,194.9881916,379.137519,514294.1066,2.290008311,2.578796764,5.711211548,MNLILMGLPGAGKGTQAEKINEKYDIPHISTGDMFRLAIKEGTDLGKKAKAYMDRGELVPDEVTNGIVKERLSKNDCKHGFLLDGFPRTIAQAEALQSLLQDINQSIDYVIHVDVPEEKLVERLTGRRICPTCGTTYHVVYNPPKEDGVCDKDGSTLIQRDDDKPATVKKRLSVNIEQTKPLLDFYNEKGYLVTVNGDQDIDQVFQDIQAKVEK,30,zinc-like
mycoplasma_mobile,88.31654724,460.223382,191899.3052,1.946042082,2.66296868,5.283073402,MIRNLIFLGAPGSGKGSTALEISTKYDIEHISTGEIFRNEIKNKTPLGLKVAEIVNDGKYVPDELTNQIVLKKLKELKQENKKFILDGYPRTLNQAMFLSSVLDEKILAVLLEVPTNLIIERLSFRRICPICKSIYHLKYNPSKKGEFCENHLENLTKIEARQDDSEESIKKRLKIYNEETKPMIDYYKKNQSLVVINSEESVKKVASLVIKKVFND,26,zinc-like